test_file,true_speaker,predicted_speaker,best_score
Amraoui_Ar_test_10s_1.mfcc,Amraoui,Amraoui,-75.73963661525816
Amraoui_Ar_test_10s_10.mfcc,Amraoui,Amraoui,-79.41559441210123
Amraoui_Ar_test_10s_11.mfcc,Amraoui,Amraoui,-79.83077649617427
Amraoui_Ar_test_10s_12.mfcc,Amraoui,Amraoui,-79.87449188252573
Amraoui_Ar_test_10s_13.mfcc,Amraoui,Amraoui,-78.25844797581317
Amraoui_Ar_test_10s_14.mfcc,Amraoui,Amraoui,-78.27870861741047
Amraoui_Ar_test_10s_15.mfcc,Amraoui,Amraoui,-79.55599435512373
Amraoui_Ar_test_10s_16.mfcc,Amraoui,Amraoui,-78.87826185789845
Amraoui_Ar_test_10s_17.mfcc,Amraoui,Amraoui,-79.06839397156318
Amraoui_Ar_test_10s_18.mfcc,Amraoui,Amraoui,-82.86570771192882
Amraoui_Ar_test_10s_19.mfcc,Amraoui,Amraoui,-79.01592553558024
Amraoui_Ar_test_10s_2.mfcc,Amraoui,Amraoui,-78.93551251898067
Amraoui_Ar_test_10s_20.mfcc,Amraoui,Amraoui,-78.71336199621177
Amraoui_Ar_test_10s_21.mfcc,Amraoui,Amraoui,-78.90160428464976
Amraoui_Ar_test_10s_22.mfcc,Amraoui,Amraoui,-76.8127753441227
Amraoui_Ar_test_10s_23.mfcc,Amraoui,Amraoui,-79.80070508290596
Amraoui_Ar_test_10s_24.mfcc,Amraoui,Amraoui,-80.55352338502249
Amraoui_Ar_test_10s_25.mfcc,Amraoui,Amraoui,-80.05492880491676
Amraoui_Ar_test_10s_26.mfcc,Amraoui,Amraoui,-78.15943222177575
Amraoui_Ar_test_10s_27.mfcc,Amraoui,Amraoui,-76.73824688144954
Amraoui_Ar_test_10s_28.mfcc,Amraoui,Amraoui,-82.76800731902993
Amraoui_Ar_test_10s_29.mfcc,Amraoui,Amraoui,-75.062874733961
Amraoui_Ar_test_10s_3.mfcc,Amraoui,Amraoui,-77.6326871421031
Amraoui_Ar_test_10s_30.mfcc,Amraoui,Amraoui,-78.80585092672952
Amraoui_Ar_test_10s_4.mfcc,Amraoui,Amraoui,-77.1418885410628
Amraoui_Ar_test_10s_5.mfcc,Amraoui,Amraoui,-81.9594365498694
Amraoui_Ar_test_10s_6.mfcc,Amraoui,Amraoui,-79.7232197239239
Amraoui_Ar_test_10s_7.mfcc,Amraoui,Amraoui,-79.44380801371825
Amraoui_Ar_test_10s_8.mfcc,Amraoui,Amraoui,-79.86411482124022
Amraoui_Ar_test_10s_9.mfcc,Amraoui,Amraoui,-79.65884505539861
Amraoui_Ar_test_15s_1.mfcc,Amraoui,Amraoui,-81.88250504423523
Amraoui_Ar_test_15s_10.mfcc,Amraoui,Amraoui,-78.30554996001194
Amraoui_Ar_test_15s_11.mfcc,Amraoui,Amraoui,-76.52488786863881
Amraoui_Ar_test_15s_12.mfcc,Amraoui,Amraoui,-77.7701835764974
Amraoui_Ar_test_15s_13.mfcc,Amraoui,Amraoui,-80.20407508680329
Amraoui_Ar_test_15s_14.mfcc,Amraoui,Amraoui,-79.84454300051229
Amraoui_Ar_test_15s_15.mfcc,Amraoui,Amraoui,-78.66663031663425
Amraoui_Ar_test_15s_16.mfcc,Amraoui,Amraoui,-78.04344481232266
Amraoui_Ar_test_15s_17.mfcc,Amraoui,Amraoui,-78.20012677251103
Amraoui_Ar_test_15s_18.mfcc,Amraoui,Amraoui,-78.4430503300246
Amraoui_Ar_test_15s_19.mfcc,Amraoui,Amraoui,-78.1671290216592
Amraoui_Ar_test_15s_2.mfcc,Amraoui,Amraoui,-78.09973851467434
Amraoui_Ar_test_15s_20.mfcc,Amraoui,Amraoui,-77.22828857155474
Amraoui_Ar_test_15s_21.mfcc,Amraoui,Amraoui,-79.90686086930579
Amraoui_Ar_test_15s_22.mfcc,Amraoui,Amraoui,-80.55683990858726
Amraoui_Ar_test_15s_23.mfcc,Amraoui,Amraoui,-76.41917150033049
Amraoui_Ar_test_15s_24.mfcc,Amraoui,Amraoui,-75.52226014529933
Amraoui_Ar_test_15s_25.mfcc,Amraoui,Amraoui,-80.28545030273207
Amraoui_Ar_test_15s_26.mfcc,Amraoui,Amraoui,-79.0270035851616
Amraoui_Ar_test_15s_27.mfcc,Amraoui,Amraoui,-76.84653780392361
Amraoui_Ar_test_15s_28.mfcc,Amraoui,Amraoui,-78.85806638690318
Amraoui_Ar_test_15s_29.mfcc,Amraoui,Amraoui,-80.07460123232127
Amraoui_Ar_test_15s_3.mfcc,Amraoui,Amraoui,-78.96342375683794
Amraoui_Ar_test_15s_30.mfcc,Amraoui,Amraoui,-78.1307566422552
Amraoui_Ar_test_15s_4.mfcc,Amraoui,Amraoui,-79.17558375027531
Amraoui_Ar_test_15s_5.mfcc,Amraoui,Amraoui,-81.95659583606222
Amraoui_Ar_test_15s_6.mfcc,Amraoui,Amraoui,-77.68109162557316
Amraoui_Ar_test_15s_7.mfcc,Amraoui,Amraoui,-78.18964543046798
Amraoui_Ar_test_15s_8.mfcc,Amraoui,Amraoui,-78.46088943017428
Amraoui_Ar_test_15s_9.mfcc,Amraoui,Amraoui,-77.97889122363499
Amraoui_Ar_test_5s_1.mfcc,Amraoui,Amraoui,-78.78827876008735
Amraoui_Ar_test_5s_10.mfcc,Amraoui,Amraoui,-77.0553609493903
Amraoui_Ar_test_5s_11.mfcc,Amraoui,Amraoui,-79.78813025621496
Amraoui_Ar_test_5s_12.mfcc,Amraoui,Amraoui,-79.70629130802224
Amraoui_Ar_test_5s_13.mfcc,Amraoui,Amraoui,-77.55092629776942
Amraoui_Ar_test_5s_14.mfcc,Amraoui,Amraoui,-78.43744639928694
Amraoui_Ar_test_5s_15.mfcc,Amraoui,Amraoui,-79.65628809180849
Amraoui_Ar_test_5s_16.mfcc,Amraoui,Amraoui,-79.1025408850102
Amraoui_Ar_test_5s_17.mfcc,Amraoui,Amraoui,-84.17719094468819
Amraoui_Ar_test_5s_18.mfcc,Amraoui,Amraoui,-78.89299314467493
Amraoui_Ar_test_5s_19.mfcc,Amraoui,Amraoui,-77.95663813225525
Amraoui_Ar_test_5s_2.mfcc,Amraoui,Amraoui,-79.66546637270159
Amraoui_Ar_test_5s_20.mfcc,Amraoui,Amraoui,-80.19701904907022
Amraoui_Ar_test_5s_21.mfcc,Amraoui,Amraoui,-80.6366618970887
Amraoui_Ar_test_5s_22.mfcc,Amraoui,Amraoui,-79.3494852390988
Amraoui_Ar_test_5s_23.mfcc,Amraoui,Amraoui,-77.49391765917406
Amraoui_Ar_test_5s_24.mfcc,Amraoui,Amraoui,-78.27874631136073
Amraoui_Ar_test_5s_25.mfcc,Amraoui,Amraoui,-79.37335576137953
Amraoui_Ar_test_5s_26.mfcc,Amraoui,Amraoui,-77.40601650387605
Amraoui_Ar_test_5s_27.mfcc,Amraoui,Amraoui,-79.37980612481535
Amraoui_Ar_test_5s_28.mfcc,Amraoui,Amraoui,-77.7285188532697
Amraoui_Ar_test_5s_29.mfcc,Amraoui,Amraoui,-80.47158810658918
Amraoui_Ar_test_5s_3.mfcc,Amraoui,Amraoui,-78.05833064987607
Amraoui_Ar_test_5s_30.mfcc,Amraoui,Amraoui,-79.40821293451104
Amraoui_Ar_test_5s_4.mfcc,Amraoui,Amraoui,-83.41990007167784
Amraoui_Ar_test_5s_5.mfcc,Amraoui,Amraoui,-80.03273720577947
Amraoui_Ar_test_5s_6.mfcc,Amraoui,Amraoui,-78.29927899200078
Amraoui_Ar_test_5s_7.mfcc,Amraoui,Amraoui,-78.67763055727593
Amraoui_Ar_test_5s_8.mfcc,Amraoui,Amraoui,-79.1183794298081
Amraoui_Ar_test_5s_9.mfcc,Amraoui,Amraoui,-82.62396350180454
Amraoui_En_test_10s_1.mfcc,Amraoui,Amraoui,-77.41467421153872
Amraoui_En_test_10s_10.mfcc,Amraoui,Amraoui,-79.86242941742252
Amraoui_En_test_10s_11.mfcc,Amraoui,Amraoui,-79.63587289199883
Amraoui_En_test_10s_12.mfcc,Amraoui,Amraoui,-79.34567170898654
Amraoui_En_test_10s_13.mfcc,Amraoui,Amraoui,-79.04146253026606
Amraoui_En_test_10s_14.mfcc,Amraoui,Amraoui,-78.10943799810136
Amraoui_En_test_10s_15.mfcc,Amraoui,Amraoui,-79.93697875084798
Amraoui_En_test_10s_16.mfcc,Amraoui,Amraoui,-78.96654296118467
Amraoui_En_test_10s_17.mfcc,Amraoui,Amraoui,-79.80721236778301
Amraoui_En_test_10s_18.mfcc,Amraoui,Amraoui,-78.82057069454234
Amraoui_En_test_10s_19.mfcc,Amraoui,Amraoui,-79.24641392741587
Amraoui_En_test_10s_2.mfcc,Amraoui,Amraoui,-77.58996580878376
Amraoui_En_test_10s_20.mfcc,Amraoui,Amraoui,-77.88828532031029
Amraoui_En_test_10s_21.mfcc,Amraoui,Amraoui,-77.55573784813033
Amraoui_En_test_10s_22.mfcc,Amraoui,Amraoui,-78.14167684645527
Amraoui_En_test_10s_23.mfcc,Amraoui,Amraoui,-78.91122076006133
Amraoui_En_test_10s_24.mfcc,Amraoui,Amraoui,-78.62084518275059
Amraoui_En_test_10s_25.mfcc,Amraoui,Amraoui,-79.24156695818482
Amraoui_En_test_10s_26.mfcc,Amraoui,Amraoui,-78.99047650465104
Amraoui_En_test_10s_27.mfcc,Amraoui,Amraoui,-79.02659858168883
Amraoui_En_test_10s_28.mfcc,Amraoui,Amraoui,-77.9685584733925
Amraoui_En_test_10s_29.mfcc,Amraoui,Amraoui,-79.91918233826331
Amraoui_En_test_10s_3.mfcc,Amraoui,Amraoui,-76.56365017840976
Amraoui_En_test_10s_30.mfcc,Amraoui,Amraoui,-77.94392492941343
Amraoui_En_test_10s_4.mfcc,Amraoui,Amraoui,-79.24273165201217
Amraoui_En_test_10s_5.mfcc,Amraoui,Amraoui,-78.13091616660223
Amraoui_En_test_10s_6.mfcc,Amraoui,Amraoui,-79.8457149982927
Amraoui_En_test_10s_7.mfcc,Amraoui,Amraoui,-76.52093124039997
Amraoui_En_test_10s_8.mfcc,Amraoui,Amraoui,-77.57175993906827
Amraoui_En_test_10s_9.mfcc,Amraoui,Amraoui,-76.59776420495895
Amraoui_En_test_15s_1.mfcc,Amraoui,Amraoui,-78.70500000020675
Amraoui_En_test_15s_10.mfcc,Amraoui,Amraoui,-77.97340897332393
Amraoui_En_test_15s_11.mfcc,Amraoui,Amraoui,-77.50304179486518
Amraoui_En_test_15s_12.mfcc,Amraoui,Amraoui,-77.82078371607966
Amraoui_En_test_15s_13.mfcc,Amraoui,Amraoui,-78.72422321983971
Amraoui_En_test_15s_14.mfcc,Amraoui,Amraoui,-79.77205004794946
Amraoui_En_test_15s_15.mfcc,Amraoui,Amraoui,-78.94775993935676
Amraoui_En_test_15s_16.mfcc,Amraoui,Amraoui,-76.64664384904492
Amraoui_En_test_15s_17.mfcc,Amraoui,Amraoui,-78.27503700694407
Amraoui_En_test_15s_18.mfcc,Amraoui,Amraoui,-78.18377166740535
Amraoui_En_test_15s_19.mfcc,Amraoui,Amraoui,-78.08478855159404
Amraoui_En_test_15s_2.mfcc,Amraoui,Amraoui,-80.63157495173381
Amraoui_En_test_15s_20.mfcc,Amraoui,Amraoui,-77.9894937949052
Amraoui_En_test_15s_21.mfcc,Amraoui,Amraoui,-76.20450008971336
Amraoui_En_test_15s_22.mfcc,Amraoui,Amraoui,-78.55204755112011
Amraoui_En_test_15s_23.mfcc,Amraoui,Amraoui,-78.79603107079213
Amraoui_En_test_15s_24.mfcc,Amraoui,Amraoui,-77.91234397266051
Amraoui_En_test_15s_25.mfcc,Amraoui,Amraoui,-79.00792559966
Amraoui_En_test_15s_26.mfcc,Amraoui,Amraoui,-80.43174404744616
Amraoui_En_test_15s_27.mfcc,Amraoui,Amraoui,-79.29520813070808
Amraoui_En_test_15s_28.mfcc,Amraoui,Amraoui,-79.46584920128626
Amraoui_En_test_15s_29.mfcc,Amraoui,Amraoui,-77.50357652865168
Amraoui_En_test_15s_3.mfcc,Amraoui,Amraoui,-79.26220140819889
Amraoui_En_test_15s_30.mfcc,Amraoui,Amraoui,-79.10346397713542
Amraoui_En_test_15s_4.mfcc,Amraoui,Amraoui,-78.69078005189283
Amraoui_En_test_15s_5.mfcc,Amraoui,Amraoui,-77.35239249156982
Amraoui_En_test_15s_6.mfcc,Amraoui,Amraoui,-78.53148046696839
Amraoui_En_test_15s_7.mfcc,Amraoui,Amraoui,-77.83707749766874
Amraoui_En_test_15s_8.mfcc,Amraoui,Amraoui,-79.05799457361924
Amraoui_En_test_15s_9.mfcc,Amraoui,Amraoui,-78.30273706195351
Amraoui_En_test_5s_1.mfcc,Amraoui,Amraoui,-78.66794413982764
Amraoui_En_test_5s_10.mfcc,Amraoui,Amraoui,-78.23691334117218
Amraoui_En_test_5s_11.mfcc,Amraoui,Amraoui,-81.20924190938369
Amraoui_En_test_5s_12.mfcc,Amraoui,Amraoui,-80.60749468204399
Amraoui_En_test_5s_13.mfcc,Amraoui,Amraoui,-78.07075904469804
Amraoui_En_test_5s_14.mfcc,Amraoui,Amraoui,-80.8122874685692
Amraoui_En_test_5s_15.mfcc,Amraoui,Amraoui,-79.56125665813379
Amraoui_En_test_5s_16.mfcc,Amraoui,Amraoui,-78.90007116701244
Amraoui_En_test_5s_17.mfcc,Amraoui,Amraoui,-79.034110774695
Amraoui_En_test_5s_18.mfcc,Amraoui,Amraoui,-77.54196986655928
Amraoui_En_test_5s_19.mfcc,Amraoui,Amraoui,-78.85032940443772
Amraoui_En_test_5s_2.mfcc,Amraoui,Amraoui,-79.40713365627384
Amraoui_En_test_5s_20.mfcc,Amraoui,Amraoui,-78.67289242505095
Amraoui_En_test_5s_21.mfcc,Amraoui,Amraoui,-78.54669331024259
Amraoui_En_test_5s_22.mfcc,Amraoui,Amraoui,-83.01460862054884
Amraoui_En_test_5s_23.mfcc,Amraoui,Amraoui,-78.59987629298318
Amraoui_En_test_5s_24.mfcc,Amraoui,Amraoui,-82.35530103041027
Amraoui_En_test_5s_25.mfcc,Amraoui,Amraoui,-79.59721296376082
Amraoui_En_test_5s_26.mfcc,Amraoui,Amraoui,-77.2581889896247
Amraoui_En_test_5s_27.mfcc,Amraoui,Amraoui,-79.92940702591662
Amraoui_En_test_5s_28.mfcc,Amraoui,Amraoui,-77.71159249422766
Amraoui_En_test_5s_29.mfcc,Amraoui,Amraoui,-76.1736373532055
Amraoui_En_test_5s_3.mfcc,Amraoui,Amraoui,-80.00142290362811
Amraoui_En_test_5s_30.mfcc,Amraoui,Amraoui,-79.59137934951427
Amraoui_En_test_5s_4.mfcc,Amraoui,Amraoui,-78.05646004212578
Amraoui_En_test_5s_5.mfcc,Amraoui,Amraoui,-75.3630332039698
Amraoui_En_test_5s_6.mfcc,Amraoui,Amraoui,-77.14553339464202
Amraoui_En_test_5s_7.mfcc,Amraoui,Amraoui,-77.86293545120697
Amraoui_En_test_5s_8.mfcc,Amraoui,Amraoui,-78.20027695516299
Amraoui_En_test_5s_9.mfcc,Amraoui,Amraoui,-80.82826605252153
Amraoui_Fr_test_10s_1.mfcc,Amraoui,Amraoui,-80.76888741939547
Amraoui_Fr_test_10s_10.mfcc,Amraoui,Amraoui,-79.48215803557827
Amraoui_Fr_test_10s_11.mfcc,Amraoui,Amraoui,-80.73896730726293
Amraoui_Fr_test_10s_12.mfcc,Amraoui,Amraoui,-79.56474742331905
Amraoui_Fr_test_10s_13.mfcc,Amraoui,Amraoui,-82.42676670843231
Amraoui_Fr_test_10s_14.mfcc,Amraoui,Amraoui,-77.01349638517829
Amraoui_Fr_test_10s_15.mfcc,Amraoui,Amraoui,-79.07671482726319
Amraoui_Fr_test_10s_16.mfcc,Amraoui,Amraoui,-81.29690608031183
Amraoui_Fr_test_10s_17.mfcc,Amraoui,Amraoui,-77.3037350022377
Amraoui_Fr_test_10s_18.mfcc,Amraoui,Amraoui,-79.96597237105483
Amraoui_Fr_test_10s_19.mfcc,Amraoui,Amraoui,-80.04180878292054
Amraoui_Fr_test_10s_2.mfcc,Amraoui,Amraoui,-78.2358359127099
Amraoui_Fr_test_10s_20.mfcc,Amraoui,Amraoui,-79.40741578128164
Amraoui_Fr_test_10s_21.mfcc,Amraoui,Amraoui,-79.82785565842569
Amraoui_Fr_test_10s_22.mfcc,Amraoui,Amraoui,-83.0397013951734
Amraoui_Fr_test_10s_23.mfcc,Amraoui,Amraoui,-80.40938284477387
Amraoui_Fr_test_10s_24.mfcc,Amraoui,Amraoui,-81.44840742993301
Amraoui_Fr_test_10s_25.mfcc,Amraoui,Amraoui,-78.79028757450524
Amraoui_Fr_test_10s_26.mfcc,Amraoui,Amraoui,-79.13383370750336
Amraoui_Fr_test_10s_27.mfcc,Amraoui,Amraoui,-79.05033439322798
Amraoui_Fr_test_10s_28.mfcc,Amraoui,Amraoui,-79.13863972336068
Amraoui_Fr_test_10s_29.mfcc,Amraoui,Amraoui,-77.34066246287584
Amraoui_Fr_test_10s_3.mfcc,Amraoui,Amraoui,-80.76315660316291
Amraoui_Fr_test_10s_30.mfcc,Amraoui,Amraoui,-80.7198223686456
Amraoui_Fr_test_10s_4.mfcc,Amraoui,Amraoui,-78.64042993713927
Amraoui_Fr_test_10s_5.mfcc,Amraoui,Amraoui,-79.72321350251153
Amraoui_Fr_test_10s_6.mfcc,Amraoui,Amraoui,-80.28513774597407
Amraoui_Fr_test_10s_7.mfcc,Amraoui,Amraoui,-82.35285477225636
Amraoui_Fr_test_10s_8.mfcc,Amraoui,Amraoui,-80.85661472608342
Amraoui_Fr_test_10s_9.mfcc,Amraoui,Amraoui,-79.84353578239755
Amraoui_Fr_test_15s_1.mfcc,Amraoui,Amraoui,-80.43107301940051
Amraoui_Fr_test_15s_10.mfcc,Amraoui,Amraoui,-79.75381616482457
Amraoui_Fr_test_15s_11.mfcc,Amraoui,Amraoui,-79.74930394830398
Amraoui_Fr_test_15s_12.mfcc,Amraoui,Amraoui,-78.5941722464779
Amraoui_Fr_test_15s_13.mfcc,Amraoui,Amraoui,-79.6208018484962
Amraoui_Fr_test_15s_14.mfcc,Amraoui,Amraoui,-78.30802133513744
Amraoui_Fr_test_15s_15.mfcc,Amraoui,Amraoui,-79.66026449087528
Amraoui_Fr_test_15s_16.mfcc,Amraoui,Amraoui,-78.72431249265998
Amraoui_Fr_test_15s_17.mfcc,Amraoui,Amraoui,-79.82464505745193
Amraoui_Fr_test_15s_18.mfcc,Amraoui,Amraoui,-78.67546490752828
Amraoui_Fr_test_15s_19.mfcc,Amraoui,Amraoui,-78.62837426352483
Amraoui_Fr_test_15s_2.mfcc,Amraoui,Amraoui,-78.74815800193767
Amraoui_Fr_test_15s_20.mfcc,Amraoui,Amraoui,-79.81228200861939
Amraoui_Fr_test_15s_21.mfcc,Amraoui,Amraoui,-79.01535858144193
Amraoui_Fr_test_15s_22.mfcc,Amraoui,Amraoui,-80.36520759257346
Amraoui_Fr_test_15s_23.mfcc,Amraoui,Amraoui,-79.87581765602185
Amraoui_Fr_test_15s_24.mfcc,Amraoui,Amraoui,-78.828651180858
Amraoui_Fr_test_15s_25.mfcc,Amraoui,Amraoui,-79.2939235183043
Amraoui_Fr_test_15s_26.mfcc,Amraoui,Amraoui,-79.7439164826042
Amraoui_Fr_test_15s_27.mfcc,Amraoui,Amraoui,-80.50416564215936
Amraoui_Fr_test_15s_28.mfcc,Amraoui,Amraoui,-79.86138529268885
Amraoui_Fr_test_15s_29.mfcc,Amraoui,Amraoui,-79.7558159964148
Amraoui_Fr_test_15s_3.mfcc,Amraoui,Amraoui,-82.6389291973453
Amraoui_Fr_test_15s_30.mfcc,Amraoui,Amraoui,-80.72168613332636
Amraoui_Fr_test_15s_4.mfcc,Amraoui,Amraoui,-78.92470011637572
Amraoui_Fr_test_15s_5.mfcc,Amraoui,Amraoui,-78.69163279903411
Amraoui_Fr_test_15s_6.mfcc,Amraoui,Amraoui,-79.63669088885817
Amraoui_Fr_test_15s_7.mfcc,Amraoui,Amraoui,-80.30348305859034
Amraoui_Fr_test_15s_8.mfcc,Amraoui,Amraoui,-79.79885410506418
Amraoui_Fr_test_15s_9.mfcc,Amraoui,Amraoui,-77.72195156706489
Amraoui_Fr_test_5s_1.mfcc,Amraoui,Amraoui,-80.25582975382173
Amraoui_Fr_test_5s_10.mfcc,Amraoui,Amraoui,-76.6916019042226
Amraoui_Fr_test_5s_11.mfcc,Amraoui,Amraoui,-79.34510796806084
Amraoui_Fr_test_5s_12.mfcc,Amraoui,Amraoui,-78.22139132444933
Amraoui_Fr_test_5s_13.mfcc,Amraoui,Amraoui,-79.95504456327643
Amraoui_Fr_test_5s_14.mfcc,Amraoui,Amraoui,-79.81731999144998
Amraoui_Fr_test_5s_15.mfcc,Amraoui,Amraoui,-82.93716082316773
Amraoui_Fr_test_5s_16.mfcc,Amraoui,Amraoui,-78.1122589088377
Amraoui_Fr_test_5s_17.mfcc,Amraoui,Amraoui,-79.81937019800179
Amraoui_Fr_test_5s_18.mfcc,Amraoui,Amraoui,-78.31645008881372
Amraoui_Fr_test_5s_19.mfcc,Amraoui,Amraoui,-79.28649570075324
Amraoui_Fr_test_5s_2.mfcc,Amraoui,Amraoui,-80.82561170712628
Amraoui_Fr_test_5s_20.mfcc,Amraoui,Amraoui,-82.55728081780626
Amraoui_Fr_test_5s_21.mfcc,Amraoui,Amraoui,-79.51109621537378
Amraoui_Fr_test_5s_22.mfcc,Amraoui,Amraoui,-75.4302871947634
Amraoui_Fr_test_5s_23.mfcc,Amraoui,Amraoui,-79.53339579936008
Amraoui_Fr_test_5s_24.mfcc,Amraoui,Amraoui,-77.231434671007
Amraoui_Fr_test_5s_25.mfcc,Amraoui,Amraoui,-78.75341993592316
Amraoui_Fr_test_5s_26.mfcc,Amraoui,Amraoui,-80.14333986293359
Amraoui_Fr_test_5s_27.mfcc,Amraoui,Amraoui,-77.29871198887665
Amraoui_Fr_test_5s_28.mfcc,Amraoui,Amraoui,-79.0548964474469
Amraoui_Fr_test_5s_29.mfcc,Amraoui,Amraoui,-80.53598861766883
Amraoui_Fr_test_5s_3.mfcc,Amraoui,Amraoui,-78.79658558909175
Amraoui_Fr_test_5s_30.mfcc,Amraoui,Amraoui,-80.19551413808442
Amraoui_Fr_test_5s_4.mfcc,Amraoui,Amraoui,-78.66945591333632
Amraoui_Fr_test_5s_5.mfcc,Amraoui,Amraoui,-83.94521797460827
Amraoui_Fr_test_5s_6.mfcc,Amraoui,Amraoui,-84.6943181599074
Amraoui_Fr_test_5s_7.mfcc,Amraoui,Amraoui,-78.55763380997502
Amraoui_Fr_test_5s_8.mfcc,Amraoui,Amraoui,-84.32555710619391
Amraoui_Fr_test_5s_9.mfcc,Amraoui,Amraoui,-78.22899249581182
Aoufi_Ar_test_10s_1.mfcc,Aoufi,Aoufi,-87.00473598947946
Aoufi_Ar_test_10s_10.mfcc,Aoufi,Aoufi,-88.46396502029577
Aoufi_Ar_test_10s_11.mfcc,Aoufi,Aoufi,-86.46780978372844
Aoufi_Ar_test_10s_12.mfcc,Aoufi,Aoufi,-87.19713722640952
Aoufi_Ar_test_10s_13.mfcc,Aoufi,Aoufi,-85.17993072854854
Aoufi_Ar_test_10s_14.mfcc,Aoufi,Aoufi,-85.9671969925289
Aoufi_Ar_test_10s_15.mfcc,Aoufi,Aoufi,-86.69570162099942
Aoufi_Ar_test_10s_16.mfcc,Aoufi,Aoufi,-86.06827604046255
Aoufi_Ar_test_10s_17.mfcc,Aoufi,Aoufi,-85.36451497796553
Aoufi_Ar_test_10s_18.mfcc,Aoufi,Aoufi,-86.66698687909184
Aoufi_Ar_test_10s_19.mfcc,Aoufi,Aoufi,-87.52551965656568
Aoufi_Ar_test_10s_2.mfcc,Aoufi,Aoufi,-87.38694908273209
Aoufi_Ar_test_10s_20.mfcc,Aoufi,Aoufi,-86.9944776659571
Aoufi_Ar_test_10s_21.mfcc,Aoufi,Aoufi,-88.00400617215037
Aoufi_Ar_test_10s_22.mfcc,Aoufi,Aoufi,-86.57521367847062
Aoufi_Ar_test_10s_23.mfcc,Aoufi,Aoufi,-87.8737536205109
Aoufi_Ar_test_10s_24.mfcc,Aoufi,Aoufi,-85.789301666788
Aoufi_Ar_test_10s_25.mfcc,Aoufi,Aoufi,-86.74426148069819
Aoufi_Ar_test_10s_26.mfcc,Aoufi,Aoufi,-85.68882812477048
Aoufi_Ar_test_10s_27.mfcc,Aoufi,Aoufi,-86.43902314647701
Aoufi_Ar_test_10s_28.mfcc,Aoufi,Aoufi,-89.1518221730142
Aoufi_Ar_test_10s_29.mfcc,Aoufi,Aoufi,-87.00664847429253
Aoufi_Ar_test_10s_3.mfcc,Aoufi,Aoufi,-88.17339120054983
Aoufi_Ar_test_10s_30.mfcc,Aoufi,Aoufi,-88.28826684788172
Aoufi_Ar_test_10s_4.mfcc,Aoufi,Aoufi,-87.18446609417647
Aoufi_Ar_test_10s_5.mfcc,Aoufi,Aoufi,-86.96812539155675
Aoufi_Ar_test_10s_6.mfcc,Aoufi,Aoufi,-87.63302257803889
Aoufi_Ar_test_10s_7.mfcc,Aoufi,Aoufi,-86.98521861949462
Aoufi_Ar_test_10s_8.mfcc,Aoufi,Aoufi,-85.74321275980223
Aoufi_Ar_test_10s_9.mfcc,Aoufi,Aoufi,-86.92271436142751
Aoufi_Ar_test_15s_1.mfcc,Aoufi,Aoufi,-85.7860289243806
Aoufi_Ar_test_15s_10.mfcc,Aoufi,Aoufi,-86.13647985687984
Aoufi_Ar_test_15s_11.mfcc,Aoufi,Aoufi,-86.52928077179983
Aoufi_Ar_test_15s_12.mfcc,Aoufi,Aoufi,-86.44948684938741
Aoufi_Ar_test_15s_13.mfcc,Aoufi,Aoufi,-88.85871517891952
Aoufi_Ar_test_15s_14.mfcc,Aoufi,Aoufi,-88.62656685150202
Aoufi_Ar_test_15s_15.mfcc,Aoufi,Aoufi,-87.04980210627343
Aoufi_Ar_test_15s_16.mfcc,Aoufi,Aoufi,-87.38677142818274
Aoufi_Ar_test_15s_17.mfcc,Aoufi,Aoufi,-86.90865555025616
Aoufi_Ar_test_15s_18.mfcc,Aoufi,Aoufi,-86.74143725731062
Aoufi_Ar_test_15s_19.mfcc,Aoufi,Aoufi,-86.1241602599946
Aoufi_Ar_test_15s_2.mfcc,Aoufi,Aoufi,-85.93035618226388
Aoufi_Ar_test_15s_20.mfcc,Aoufi,Aoufi,-86.35179808189135
Aoufi_Ar_test_15s_21.mfcc,Aoufi,Aoufi,-85.53036162745425
Aoufi_Ar_test_15s_22.mfcc,Aoufi,Aoufi,-86.35188705075282
Aoufi_Ar_test_15s_23.mfcc,Aoufi,Aoufi,-89.48251819718487
Aoufi_Ar_test_15s_24.mfcc,Aoufi,Aoufi,-88.49258126527482
Aoufi_Ar_test_15s_25.mfcc,Aoufi,Aoufi,-86.29035945700524
Aoufi_Ar_test_15s_26.mfcc,Aoufi,Aoufi,-87.04657055230155
Aoufi_Ar_test_15s_27.mfcc,Aoufi,Aoufi,-87.36371546844816
Aoufi_Ar_test_15s_28.mfcc,Aoufi,Aoufi,-87.78003040573797
Aoufi_Ar_test_15s_29.mfcc,Aoufi,Aoufi,-87.13525433755173
Aoufi_Ar_test_15s_3.mfcc,Aoufi,Aoufi,-89.15551092538178
Aoufi_Ar_test_15s_30.mfcc,Aoufi,Aoufi,-88.50671172150946
Aoufi_Ar_test_15s_4.mfcc,Aoufi,Aoufi,-88.50395505015997
Aoufi_Ar_test_15s_5.mfcc,Aoufi,Aoufi,-89.50449938567053
Aoufi_Ar_test_15s_6.mfcc,Aoufi,Aoufi,-87.45077132447143
Aoufi_Ar_test_15s_7.mfcc,Aoufi,Aoufi,-86.31692488904073
Aoufi_Ar_test_15s_8.mfcc,Aoufi,Aoufi,-87.34724707566842
Aoufi_Ar_test_15s_9.mfcc,Aoufi,Aoufi,-86.77650508496136
Aoufi_Ar_test_5s_1.mfcc,Aoufi,Aoufi,-87.98749301778362
Aoufi_Ar_test_5s_10.mfcc,Aoufi,Aoufi,-85.41604992806755
Aoufi_Ar_test_5s_11.mfcc,Aoufi,Aoufi,-87.56482837904365
Aoufi_Ar_test_5s_12.mfcc,Aoufi,Aoufi,-86.4890009121904
Aoufi_Ar_test_5s_13.mfcc,Aoufi,Aoufi,-86.84442729282455
Aoufi_Ar_test_5s_14.mfcc,Aoufi,Aoufi,-86.26658156574315
Aoufi_Ar_test_5s_15.mfcc,Aoufi,Aoufi,-87.01683673865533
Aoufi_Ar_test_5s_16.mfcc,Aoufi,Aoufi,-88.35092502217503
Aoufi_Ar_test_5s_17.mfcc,Aoufi,Aoufi,-85.73516323875798
Aoufi_Ar_test_5s_18.mfcc,Aoufi,Aoufi,-87.62628135262818
Aoufi_Ar_test_5s_19.mfcc,Aoufi,Aoufi,-87.7000390538884
Aoufi_Ar_test_5s_2.mfcc,Aoufi,Aoufi,-84.9498714271877
Aoufi_Ar_test_5s_20.mfcc,Aoufi,Aoufi,-90.25862698721828
Aoufi_Ar_test_5s_21.mfcc,Aoufi,Aoufi,-84.27607367934088
Aoufi_Ar_test_5s_22.mfcc,Aoufi,Aoufi,-84.67565428829685
Aoufi_Ar_test_5s_23.mfcc,Aoufi,Aoufi,-86.51467546870336
Aoufi_Ar_test_5s_24.mfcc,Aoufi,Aoufi,-87.9559108001628
Aoufi_Ar_test_5s_25.mfcc,Aoufi,Aoufi,-86.02865251652521
Aoufi_Ar_test_5s_26.mfcc,Aoufi,Aoufi,-87.92838873065836
Aoufi_Ar_test_5s_27.mfcc,Aoufi,Aoufi,-86.88993777414944
Aoufi_Ar_test_5s_28.mfcc,Aoufi,Aoufi,-85.17171060010317
Aoufi_Ar_test_5s_29.mfcc,Aoufi,Aoufi,-86.1730396041475
Aoufi_Ar_test_5s_3.mfcc,Aoufi,Aoufi,-88.25780139664552
Aoufi_Ar_test_5s_30.mfcc,Aoufi,Aoufi,-87.87631495631167
Aoufi_Ar_test_5s_4.mfcc,Aoufi,Aoufi,-86.61704301049146
Aoufi_Ar_test_5s_5.mfcc,Aoufi,Aoufi,-88.76699506526923
Aoufi_Ar_test_5s_6.mfcc,Aoufi,Aoufi,-86.71230649435545
Aoufi_Ar_test_5s_7.mfcc,Aoufi,Aoufi,-87.02202208458912
Aoufi_Ar_test_5s_8.mfcc,Aoufi,Aoufi,-89.01879674495886
Aoufi_Ar_test_5s_9.mfcc,Aoufi,Aoufi,-88.27502080212099
Aoufi_En_test_10s_1.mfcc,Aoufi,Aoufi,-88.4991681252152
Aoufi_En_test_10s_10.mfcc,Aoufi,Aoufi,-92.79901372495293
Aoufi_En_test_10s_11.mfcc,Aoufi,Aoufi,-91.7150784963736
Aoufi_En_test_10s_12.mfcc,Aoufi,Aoufi,-90.45695757351336
Aoufi_En_test_10s_13.mfcc,Aoufi,Aoufi,-90.15809890910324
Aoufi_En_test_10s_14.mfcc,Aoufi,Aoufi,-91.47195153455473
Aoufi_En_test_10s_15.mfcc,Aoufi,Aoufi,-89.82099089589488
Aoufi_En_test_10s_16.mfcc,Aoufi,Aoufi,-89.92554717022453
Aoufi_En_test_10s_17.mfcc,Aoufi,Aoufi,-89.23646684212459
Aoufi_En_test_10s_18.mfcc,Aoufi,Aoufi,-91.07451508432911
Aoufi_En_test_10s_19.mfcc,Aoufi,Aoufi,-90.87325330580157
Aoufi_En_test_10s_2.mfcc,Aoufi,Aoufi,-87.92584695662696
Aoufi_En_test_10s_20.mfcc,Aoufi,Aoufi,-90.70191621862723
Aoufi_En_test_10s_21.mfcc,Aoufi,Aoufi,-89.8347178646346
Aoufi_En_test_10s_22.mfcc,Aoufi,Aoufi,-90.21185623467326
Aoufi_En_test_10s_23.mfcc,Aoufi,Aoufi,-91.42561765064836
Aoufi_En_test_10s_24.mfcc,Aoufi,Aoufi,-90.40118794355459
Aoufi_En_test_10s_25.mfcc,Aoufi,Aoufi,-91.46472412036756
Aoufi_En_test_10s_26.mfcc,Aoufi,Aoufi,-90.11253458619653
Aoufi_En_test_10s_27.mfcc,Aoufi,Aoufi,-89.82809516120469
Aoufi_En_test_10s_28.mfcc,Aoufi,Aoufi,-89.55956666474981
Aoufi_En_test_10s_29.mfcc,Aoufi,Aoufi,-89.31745534976723
Aoufi_En_test_10s_3.mfcc,Aoufi,Aoufi,-90.5647774676832
Aoufi_En_test_10s_30.mfcc,Aoufi,Aoufi,-88.7878798823552
Aoufi_En_test_10s_4.mfcc,Aoufi,Aoufi,-89.18459683561348
Aoufi_En_test_10s_5.mfcc,Aoufi,Aoufi,-90.40202622512078
Aoufi_En_test_10s_6.mfcc,Aoufi,Aoufi,-89.76761348989184
Aoufi_En_test_10s_7.mfcc,Aoufi,Aoufi,-90.64620498803905
Aoufi_En_test_10s_8.mfcc,Aoufi,Aoufi,-89.93745180907932
Aoufi_En_test_10s_9.mfcc,Aoufi,Aoufi,-88.8511020014224
Aoufi_En_test_15s_1.mfcc,Aoufi,Aoufi,-90.38557421533056
Aoufi_En_test_15s_10.mfcc,Aoufi,Aoufi,-89.67102096567525
Aoufi_En_test_15s_11.mfcc,Aoufi,Aoufi,-89.18234209170313
Aoufi_En_test_15s_12.mfcc,Aoufi,Aoufi,-90.6901554626874
Aoufi_En_test_15s_13.mfcc,Aoufi,Aoufi,-90.12051180668682
Aoufi_En_test_15s_14.mfcc,Aoufi,Aoufi,-88.73000576707916
Aoufi_En_test_15s_15.mfcc,Aoufi,Aoufi,-90.28005440059471
Aoufi_En_test_15s_16.mfcc,Aoufi,Aoufi,-92.29768202965896
Aoufi_En_test_15s_17.mfcc,Aoufi,Aoufi,-89.04567506683688
Aoufi_En_test_15s_18.mfcc,Aoufi,Aoufi,-91.90037798969934
Aoufi_En_test_15s_19.mfcc,Aoufi,Aoufi,-90.8195867013804
Aoufi_En_test_15s_2.mfcc,Aoufi,Aoufi,-88.96769104747402
Aoufi_En_test_15s_20.mfcc,Aoufi,Aoufi,-92.0621445821104
Aoufi_En_test_15s_21.mfcc,Aoufi,Aoufi,-89.86284389154456
Aoufi_En_test_15s_22.mfcc,Aoufi,Aoufi,-89.9549310516776
Aoufi_En_test_15s_23.mfcc,Aoufi,Aoufi,-89.35025962249995
Aoufi_En_test_15s_24.mfcc,Aoufi,Aoufi,-90.3860004305847
Aoufi_En_test_15s_25.mfcc,Aoufi,Aoufi,-89.48108626264334
Aoufi_En_test_15s_26.mfcc,Aoufi,Aoufi,-89.92896213970648
Aoufi_En_test_15s_27.mfcc,Aoufi,Aoufi,-88.70491272789796
Aoufi_En_test_15s_28.mfcc,Aoufi,Aoufi,-90.76955067467543
Aoufi_En_test_15s_29.mfcc,Aoufi,Aoufi,-88.9799869376279
Aoufi_En_test_15s_3.mfcc,Aoufi,Aoufi,-91.18668195850843
Aoufi_En_test_15s_30.mfcc,Aoufi,Aoufi,-90.6707113769642
Aoufi_En_test_15s_4.mfcc,Aoufi,Aoufi,-90.69742324952226
Aoufi_En_test_15s_5.mfcc,Aoufi,Aoufi,-91.26480482723521
Aoufi_En_test_15s_6.mfcc,Aoufi,Aoufi,-89.08842563504372
Aoufi_En_test_15s_7.mfcc,Aoufi,Aoufi,-88.95453945276928
Aoufi_En_test_15s_8.mfcc,Aoufi,Aoufi,-88.92599587773373
Aoufi_En_test_15s_9.mfcc,Aoufi,Aoufi,-88.65761878291042
Aoufi_En_test_5s_1.mfcc,Aoufi,Aoufi,-90.40096553133773
Aoufi_En_test_5s_10.mfcc,Aoufi,Aoufi,-89.42406074002861
Aoufi_En_test_5s_11.mfcc,Aoufi,Aoufi,-92.47258366549468
Aoufi_En_test_5s_12.mfcc,Aoufi,Aoufi,-91.0997453555623
Aoufi_En_test_5s_13.mfcc,Aoufi,Aoufi,-90.81765055093788
Aoufi_En_test_5s_14.mfcc,Aoufi,Aoufi,-89.85208655871783
Aoufi_En_test_5s_15.mfcc,Aoufi,Aoufi,-89.29056327651527
Aoufi_En_test_5s_16.mfcc,Aoufi,Aoufi,-89.19903959853234
Aoufi_En_test_5s_17.mfcc,Aoufi,Aoufi,-90.93575799806186
Aoufi_En_test_5s_18.mfcc,Aoufi,Aoufi,-89.13782673461064
Aoufi_En_test_5s_19.mfcc,Aoufi,Aoufi,-91.74248871302187
Aoufi_En_test_5s_2.mfcc,Aoufi,Aoufi,-89.69589641825853
Aoufi_En_test_5s_20.mfcc,Aoufi,Aoufi,-88.02808418171935
Aoufi_En_test_5s_21.mfcc,Aoufi,Aoufi,-90.2785923616875
Aoufi_En_test_5s_22.mfcc,Aoufi,Aoufi,-89.64214203474975
Aoufi_En_test_5s_23.mfcc,Aoufi,Aoufi,-87.88713827258714
Aoufi_En_test_5s_24.mfcc,Aoufi,Aoufi,-92.66126950531043
Aoufi_En_test_5s_25.mfcc,Aoufi,Aoufi,-89.22690773472559
Aoufi_En_test_5s_26.mfcc,Aoufi,Aoufi,-91.87651110659354
Aoufi_En_test_5s_27.mfcc,Aoufi,Aoufi,-91.00068628047464
Aoufi_En_test_5s_28.mfcc,Aoufi,Aoufi,-90.13977762891717
Aoufi_En_test_5s_29.mfcc,Aoufi,Aoufi,-88.79409832353961
Aoufi_En_test_5s_3.mfcc,Aoufi,Aoufi,-89.278262124154
Aoufi_En_test_5s_30.mfcc,Aoufi,Aoufi,-89.15926391627517
Aoufi_En_test_5s_4.mfcc,Aoufi,Aoufi,-89.3690991266788
Aoufi_En_test_5s_5.mfcc,Aoufi,Aoufi,-90.41514444154433
Aoufi_En_test_5s_6.mfcc,Aoufi,Aoufi,-89.35249744845122
Aoufi_En_test_5s_7.mfcc,Aoufi,Aoufi,-88.25559210697274
Aoufi_En_test_5s_8.mfcc,Aoufi,Aoufi,-89.57028593144436
Aoufi_En_test_5s_9.mfcc,Aoufi,Aoufi,-92.84258918770597
Aoufi_Fr_test_10s_1.mfcc,Aoufi,Aoufi,-88.0759766009816
Aoufi_Fr_test_10s_10.mfcc,Aoufi,Aoufi,-90.6048798525148
Aoufi_Fr_test_10s_11.mfcc,Aoufi,Aoufi,-88.50311642726916
Aoufi_Fr_test_10s_12.mfcc,Aoufi,Aoufi,-89.63162342751501
Aoufi_Fr_test_10s_13.mfcc,Aoufi,Aoufi,-89.55038353286197
Aoufi_Fr_test_10s_14.mfcc,Aoufi,Aoufi,-92.0114633414714
Aoufi_Fr_test_10s_15.mfcc,Aoufi,Aoufi,-90.12554332948041
Aoufi_Fr_test_10s_16.mfcc,Aoufi,Aoufi,-88.45874689793256
Aoufi_Fr_test_10s_17.mfcc,Aoufi,Aoufi,-91.54125369723532
Aoufi_Fr_test_10s_18.mfcc,Aoufi,Aoufi,-88.03576898225437
Aoufi_Fr_test_10s_19.mfcc,Aoufi,Aoufi,-89.15404291828897
Aoufi_Fr_test_10s_2.mfcc,Aoufi,Aoufi,-89.72345032292885
Aoufi_Fr_test_10s_20.mfcc,Aoufi,Aoufi,-92.34640766581252
Aoufi_Fr_test_10s_21.mfcc,Aoufi,Aoufi,-88.60778477565513
Aoufi_Fr_test_10s_22.mfcc,Aoufi,Aoufi,-90.1807786126218
Aoufi_Fr_test_10s_23.mfcc,Aoufi,Aoufi,-88.20603924541405
Aoufi_Fr_test_10s_24.mfcc,Aoufi,Aoufi,-87.12004074456944
Aoufi_Fr_test_10s_25.mfcc,Aoufi,Aoufi,-91.79593081532524
Aoufi_Fr_test_10s_26.mfcc,Aoufi,Aoufi,-86.5914535230518
Aoufi_Fr_test_10s_27.mfcc,Aoufi,Aoufi,-88.17195517659128
Aoufi_Fr_test_10s_28.mfcc,Aoufi,Aoufi,-91.6820028093425
Aoufi_Fr_test_10s_29.mfcc,Aoufi,Aoufi,-89.90772373579918
Aoufi_Fr_test_10s_3.mfcc,Aoufi,Aoufi,-89.1332826702232
Aoufi_Fr_test_10s_30.mfcc,Aoufi,Aoufi,-94.05547959789857
Aoufi_Fr_test_10s_4.mfcc,Aoufi,Aoufi,-89.05735525600676
Aoufi_Fr_test_10s_5.mfcc,Aoufi,Aoufi,-90.93681636682393
Aoufi_Fr_test_10s_6.mfcc,Aoufi,Aoufi,-90.83616184055926
Aoufi_Fr_test_10s_7.mfcc,Aoufi,Aoufi,-89.82438795708119
Aoufi_Fr_test_10s_8.mfcc,Aoufi,Aoufi,-90.02291405050761
Aoufi_Fr_test_10s_9.mfcc,Aoufi,Aoufi,-90.40989935730819
Aoufi_Fr_test_15s_1.mfcc,Aoufi,Aoufi,-88.34362456840411
Aoufi_Fr_test_15s_10.mfcc,Aoufi,Aoufi,-89.75433247940146
Aoufi_Fr_test_15s_11.mfcc,Aoufi,Aoufi,-94.43654525137194
Aoufi_Fr_test_15s_12.mfcc,Aoufi,Aoufi,-88.6355771062418
Aoufi_Fr_test_15s_13.mfcc,Aoufi,Aoufi,-87.61493165914429
Aoufi_Fr_test_15s_14.mfcc,Aoufi,Aoufi,-90.41310753325162
Aoufi_Fr_test_15s_15.mfcc,Aoufi,Aoufi,-90.53310590011081
Aoufi_Fr_test_15s_16.mfcc,Aoufi,Aoufi,-88.41387302973503
Aoufi_Fr_test_15s_17.mfcc,Aoufi,Aoufi,-88.58010936180808
Aoufi_Fr_test_15s_18.mfcc,Aoufi,Aoufi,-92.80290085333053
Aoufi_Fr_test_15s_19.mfcc,Aoufi,Aoufi,-89.35514052092594
Aoufi_Fr_test_15s_2.mfcc,Aoufi,Aoufi,-89.63981914816065
Aoufi_Fr_test_15s_20.mfcc,Aoufi,Aoufi,-89.0112084998035
Aoufi_Fr_test_15s_21.mfcc,Aoufi,Aoufi,-91.68097762984405
Aoufi_Fr_test_15s_22.mfcc,Aoufi,Aoufi,-89.2900863833799
Aoufi_Fr_test_15s_23.mfcc,Aoufi,Aoufi,-93.3994373479218
Aoufi_Fr_test_15s_24.mfcc,Aoufi,Aoufi,-88.80452116991069
Aoufi_Fr_test_15s_25.mfcc,Aoufi,Aoufi,-88.4647431197751
Aoufi_Fr_test_15s_26.mfcc,Aoufi,Aoufi,-89.66340113635279
Aoufi_Fr_test_15s_27.mfcc,Aoufi,Aoufi,-88.0447277795759
Aoufi_Fr_test_15s_28.mfcc,Aoufi,Aoufi,-88.63050026168811
Aoufi_Fr_test_15s_29.mfcc,Aoufi,Aoufi,-89.30806366453842
Aoufi_Fr_test_15s_3.mfcc,Aoufi,Aoufi,-88.83893226510922
Aoufi_Fr_test_15s_30.mfcc,Aoufi,Aoufi,-89.5022863246667
Aoufi_Fr_test_15s_4.mfcc,Aoufi,Aoufi,-89.01754954112134
Aoufi_Fr_test_15s_5.mfcc,Aoufi,Aoufi,-89.51756045663701
Aoufi_Fr_test_15s_6.mfcc,Aoufi,Aoufi,-92.13134027749008
Aoufi_Fr_test_15s_7.mfcc,Aoufi,Aoufi,-89.38662325125321
Aoufi_Fr_test_15s_8.mfcc,Aoufi,Aoufi,-88.38056839941338
Aoufi_Fr_test_15s_9.mfcc,Aoufi,Aoufi,-85.6319528917698
Aoufi_Fr_test_5s_1.mfcc,Aoufi,Aoufi,-88.29495357016634
Aoufi_Fr_test_5s_10.mfcc,Aoufi,Aoufi,-91.9327244530985
Aoufi_Fr_test_5s_11.mfcc,Aoufi,Aoufi,-86.06962869396725
Aoufi_Fr_test_5s_12.mfcc,Aoufi,Aoufi,-89.66087725792107
Aoufi_Fr_test_5s_13.mfcc,Aoufi,Aoufi,-87.24233327053248
Aoufi_Fr_test_5s_14.mfcc,Aoufi,Aoufi,-86.75731311524224
Aoufi_Fr_test_5s_15.mfcc,Aoufi,Aoufi,-90.02967885426895
Aoufi_Fr_test_5s_16.mfcc,Aoufi,Aoufi,-90.41792666518356
Aoufi_Fr_test_5s_17.mfcc,Aoufi,Aoufi,-89.66173782309616
Aoufi_Fr_test_5s_18.mfcc,Aoufi,Aoufi,-83.98509282704424
Aoufi_Fr_test_5s_19.mfcc,Aoufi,Aoufi,-88.70184798990728
Aoufi_Fr_test_5s_2.mfcc,Aoufi,Aoufi,-90.36479144955076
Aoufi_Fr_test_5s_20.mfcc,Aoufi,Aoufi,-86.97231366394286
Aoufi_Fr_test_5s_21.mfcc,Aoufi,Aoufi,-88.12147793740436
Aoufi_Fr_test_5s_22.mfcc,Aoufi,Aoufi,-90.6971614367738
Aoufi_Fr_test_5s_23.mfcc,Aoufi,Aoufi,-88.04478235209727
Aoufi_Fr_test_5s_24.mfcc,Aoufi,Aoufi,-88.15576177214224
Aoufi_Fr_test_5s_25.mfcc,Aoufi,Aoufi,-89.51716030501204
Aoufi_Fr_test_5s_26.mfcc,Aoufi,Aoufi,-87.58747009350142
Aoufi_Fr_test_5s_27.mfcc,Aoufi,Aoufi,-93.65011439643949
Aoufi_Fr_test_5s_28.mfcc,Aoufi,Aoufi,-94.06937300170445
Aoufi_Fr_test_5s_29.mfcc,Aoufi,Aoufi,-91.77027707472504
Aoufi_Fr_test_5s_3.mfcc,Aoufi,Aoufi,-89.76531465652782
Aoufi_Fr_test_5s_30.mfcc,Aoufi,Aoufi,-89.30165130487863
Aoufi_Fr_test_5s_4.mfcc,Aoufi,Aoufi,-87.96327161535343
Aoufi_Fr_test_5s_5.mfcc,Aoufi,Aoufi,-93.49291259626088
Aoufi_Fr_test_5s_6.mfcc,Aoufi,Aoufi,-88.08570344721687
Aoufi_Fr_test_5s_7.mfcc,Aoufi,Aoufi,-90.0684471606149
Aoufi_Fr_test_5s_8.mfcc,Aoufi,Aoufi,-91.73621504706259
Aoufi_Fr_test_5s_9.mfcc,Aoufi,Aoufi,-88.03358865469059
Mouad_Ar_test_10s_1.mfcc,Mouad,Mouad,-76.90714281409814
Mouad_Ar_test_10s_10.mfcc,Mouad,Mouad,-78.71442731935673
Mouad_Ar_test_10s_11.mfcc,Mouad,Mouad,-78.1786878107354
Mouad_Ar_test_10s_12.mfcc,Mouad,Mouad,-77.2054999175723
Mouad_Ar_test_10s_13.mfcc,Mouad,Mouad,-78.40864398412226
Mouad_Ar_test_10s_14.mfcc,Mouad,Mouad,-78.71398647402258
Mouad_Ar_test_10s_15.mfcc,Mouad,Mouad,-78.17086536419357
Mouad_Ar_test_10s_16.mfcc,Mouad,Mouad,-77.24789170694068
Mouad_Ar_test_10s_17.mfcc,Mouad,Mouad,-76.99098088878108
Mouad_Ar_test_10s_18.mfcc,Mouad,Mouad,-78.27774531712824
Mouad_Ar_test_10s_19.mfcc,Mouad,Mouad,-77.06365195668859
Mouad_Ar_test_10s_2.mfcc,Mouad,Mouad,-77.50817432158539
Mouad_Ar_test_10s_20.mfcc,Mouad,Mouad,-78.48637545487688
Mouad_Ar_test_10s_21.mfcc,Mouad,Mouad,-76.88127071042503
Mouad_Ar_test_10s_22.mfcc,Mouad,Mouad,-78.22515393286156
Mouad_Ar_test_10s_23.mfcc,Mouad,Mouad,-76.42428968799788
Mouad_Ar_test_10s_24.mfcc,Mouad,Mouad,-76.43916515803156
Mouad_Ar_test_10s_25.mfcc,Mouad,Mouad,-77.15524967058133
Mouad_Ar_test_10s_26.mfcc,Mouad,Mouad,-77.35584076400949
Mouad_Ar_test_10s_27.mfcc,Mouad,Mouad,-77.2745904631482
Mouad_Ar_test_10s_28.mfcc,Mouad,Mouad,-77.1229924489734
Mouad_Ar_test_10s_29.mfcc,Mouad,Mouad,-78.41559616827392
Mouad_Ar_test_10s_3.mfcc,Mouad,Mouad,-77.57688381031792
Mouad_Ar_test_10s_30.mfcc,Mouad,Mouad,-77.57881561867103
Mouad_Ar_test_10s_4.mfcc,Mouad,Mouad,-75.89908721377766
Mouad_Ar_test_10s_5.mfcc,Mouad,Mouad,-76.31911371594774
Mouad_Ar_test_10s_6.mfcc,Mouad,Mouad,-77.49533513900339
Mouad_Ar_test_10s_7.mfcc,Mouad,Mouad,-77.56037745431058
Mouad_Ar_test_10s_8.mfcc,Mouad,Mouad,-78.34619764959714
Mouad_Ar_test_10s_9.mfcc,Mouad,Mouad,-76.72896795224334
Mouad_Ar_test_15s_1.mfcc,Mouad,Mouad,-78.02680889137247
Mouad_Ar_test_15s_10.mfcc,Mouad,Mouad,-75.16484500436565
Mouad_Ar_test_15s_11.mfcc,Mouad,Mouad,-78.18848671525843
Mouad_Ar_test_15s_12.mfcc,Mouad,Mouad,-77.37032932688943
Mouad_Ar_test_15s_13.mfcc,Mouad,Mouad,-77.1592294119408
Mouad_Ar_test_15s_14.mfcc,Mouad,Mouad,-75.68122173943928
Mouad_Ar_test_15s_15.mfcc,Mouad,Mouad,-77.69245140774409
Mouad_Ar_test_15s_16.mfcc,Mouad,Mouad,-78.52506001584912
Mouad_Ar_test_15s_17.mfcc,Mouad,Mouad,-76.96209077933537
Mouad_Ar_test_15s_18.mfcc,Mouad,Mouad,-77.75402815756948
Mouad_Ar_test_15s_19.mfcc,Mouad,Mouad,-76.76378909633152
Mouad_Ar_test_15s_2.mfcc,Mouad,Mouad,-76.48986531743023
Mouad_Ar_test_15s_20.mfcc,Mouad,Mouad,-77.86289079894311
Mouad_Ar_test_15s_21.mfcc,Mouad,Mouad,-77.18299565937295
Mouad_Ar_test_15s_22.mfcc,Mouad,Mouad,-77.76300041619487
Mouad_Ar_test_15s_23.mfcc,Mouad,Mouad,-78.76834605358835
Mouad_Ar_test_15s_24.mfcc,Mouad,Mouad,-75.20911416519621
Mouad_Ar_test_15s_25.mfcc,Mouad,Mouad,-77.92487455906522
Mouad_Ar_test_15s_26.mfcc,Mouad,Mouad,-77.99610609875991
Mouad_Ar_test_15s_27.mfcc,Mouad,Mouad,-78.12472236692486
Mouad_Ar_test_15s_28.mfcc,Mouad,Mouad,-77.76385270706034
Mouad_Ar_test_15s_29.mfcc,Mouad,Mouad,-77.70660601954026
Mouad_Ar_test_15s_3.mfcc,Mouad,Mouad,-76.82487613481693
Mouad_Ar_test_15s_30.mfcc,Mouad,Mouad,-77.7633999070458
Mouad_Ar_test_15s_4.mfcc,Mouad,Mouad,-76.62503168548373
Mouad_Ar_test_15s_5.mfcc,Mouad,Mouad,-78.26236099508701
Mouad_Ar_test_15s_6.mfcc,Mouad,Mouad,-77.4120083297885
Mouad_Ar_test_15s_7.mfcc,Mouad,Mouad,-77.7067102617694
Mouad_Ar_test_15s_8.mfcc,Mouad,Mouad,-77.09041501003213
Mouad_Ar_test_15s_9.mfcc,Mouad,Mouad,-78.63881538230996
Mouad_Ar_test_5s_1.mfcc,Mouad,Mouad,-77.92118233435112
Mouad_Ar_test_5s_10.mfcc,Mouad,Mouad,-77.92633727116828
Mouad_Ar_test_5s_11.mfcc,Mouad,Mouad,-77.15636983277336
Mouad_Ar_test_5s_12.mfcc,Mouad,Mouad,-75.76615843740922
Mouad_Ar_test_5s_13.mfcc,Mouad,Mouad,-76.27775879538348
Mouad_Ar_test_5s_14.mfcc,Mouad,Mouad,-76.78683753562372
Mouad_Ar_test_5s_15.mfcc,Mouad,Mouad,-77.64790469008017
Mouad_Ar_test_5s_16.mfcc,Mouad,Mouad,-78.81446539896092
Mouad_Ar_test_5s_17.mfcc,Mouad,Mouad,-79.12973356213216
Mouad_Ar_test_5s_18.mfcc,Mouad,Mouad,-77.77730106978264
Mouad_Ar_test_5s_19.mfcc,Mouad,Mouad,-77.06001765797657
Mouad_Ar_test_5s_2.mfcc,Mouad,Mouad,-78.96734063579126
Mouad_Ar_test_5s_20.mfcc,Mouad,Mouad,-76.97106915735355
Mouad_Ar_test_5s_21.mfcc,Mouad,Mouad,-77.60000474255379
Mouad_Ar_test_5s_22.mfcc,Mouad,Mouad,-77.31566778501823
Mouad_Ar_test_5s_23.mfcc,Mouad,Mouad,-79.75314527431098
Mouad_Ar_test_5s_24.mfcc,Mouad,Mouad,-78.24573103124735
Mouad_Ar_test_5s_25.mfcc,Mouad,Mouad,-74.80072342423637
Mouad_Ar_test_5s_26.mfcc,Mouad,Mouad,-78.0722432261155
Mouad_Ar_test_5s_27.mfcc,Mouad,Mouad,-75.1819541993643
Mouad_Ar_test_5s_28.mfcc,Mouad,Mouad,-79.09627656179774
Mouad_Ar_test_5s_29.mfcc,Mouad,Mouad,-78.49701149311188
Mouad_Ar_test_5s_3.mfcc,Mouad,Mouad,-76.16235597423066
Mouad_Ar_test_5s_30.mfcc,Mouad,Mouad,-77.31295163269935
Mouad_Ar_test_5s_4.mfcc,Mouad,Mouad,-79.19875217908542
Mouad_Ar_test_5s_5.mfcc,Mouad,Mouad,-79.34613390739719
Mouad_Ar_test_5s_6.mfcc,Mouad,Mouad,-76.19072479192906
Mouad_Ar_test_5s_7.mfcc,Mouad,Mouad,-77.74158661421825
Mouad_Ar_test_5s_8.mfcc,Mouad,Mouad,-75.54028378487625
Mouad_Ar_test_5s_9.mfcc,Mouad,Mouad,-76.09843868376683
Mouad_En_test_10s_1.mfcc,Mouad,Mouad,-76.5626762874329
Mouad_En_test_10s_10.mfcc,Mouad,Mouad,-77.62890820094582
Mouad_En_test_10s_11.mfcc,Mouad,Mouad,-77.73585593706397
Mouad_En_test_10s_12.mfcc,Mouad,Mouad,-76.93893847485664
Mouad_En_test_10s_13.mfcc,Mouad,Mouad,-77.71218925604911
Mouad_En_test_10s_14.mfcc,Mouad,Mouad,-76.96116369565915
Mouad_En_test_10s_15.mfcc,Mouad,Mouad,-77.88601909924505
Mouad_En_test_10s_16.mfcc,Mouad,Mouad,-76.99972216432379
Mouad_En_test_10s_17.mfcc,Mouad,Mouad,-77.01458338592592
Mouad_En_test_10s_18.mfcc,Mouad,Mouad,-77.67787005906754
Mouad_En_test_10s_19.mfcc,Mouad,Mouad,-77.55272207460249
Mouad_En_test_10s_2.mfcc,Mouad,Mouad,-77.08646294860834
Mouad_En_test_10s_20.mfcc,Mouad,Mouad,-77.77749621464307
Mouad_En_test_10s_21.mfcc,Mouad,Mouad,-76.9527078368794
Mouad_En_test_10s_22.mfcc,Mouad,Mouad,-79.14119208025818
Mouad_En_test_10s_23.mfcc,Mouad,Mouad,-77.73628689640377
Mouad_En_test_10s_24.mfcc,Mouad,Mouad,-77.46025175380124
Mouad_En_test_10s_25.mfcc,Mouad,Mouad,-77.72349610938079
Mouad_En_test_10s_26.mfcc,Mouad,Mouad,-78.36337100427555
Mouad_En_test_10s_27.mfcc,Mouad,Mouad,-77.08832890743177
Mouad_En_test_10s_28.mfcc,Mouad,Mouad,-77.04951935717537
Mouad_En_test_10s_29.mfcc,Mouad,Mouad,-76.9481817215767
Mouad_En_test_10s_3.mfcc,Mouad,Mouad,-76.00034840657415
Mouad_En_test_10s_30.mfcc,Mouad,Mouad,-76.13734529474036
Mouad_En_test_10s_4.mfcc,Mouad,Mouad,-77.43753119491089
Mouad_En_test_10s_5.mfcc,Mouad,Mouad,-76.29649884291054
Mouad_En_test_10s_6.mfcc,Mouad,Mouad,-77.16184240078704
Mouad_En_test_10s_7.mfcc,Mouad,Mouad,-76.84016959781054
Mouad_En_test_10s_8.mfcc,Mouad,Mouad,-79.0355657616573
Mouad_En_test_10s_9.mfcc,Mouad,Mouad,-77.9360578808529
Mouad_En_test_15s_1.mfcc,Mouad,Mouad,-76.97659766347498
Mouad_En_test_15s_10.mfcc,Mouad,Mouad,-76.79284616661832
Mouad_En_test_15s_11.mfcc,Mouad,Mouad,-77.36729991908355
Mouad_En_test_15s_12.mfcc,Mouad,Mouad,-76.67078157382208
Mouad_En_test_15s_13.mfcc,Mouad,Mouad,-78.09957736070157
Mouad_En_test_15s_14.mfcc,Mouad,Mouad,-77.2661649021591
Mouad_En_test_15s_15.mfcc,Mouad,Mouad,-76.63460025017659
Mouad_En_test_15s_16.mfcc,Mouad,Mouad,-77.3994763546849
Mouad_En_test_15s_17.mfcc,Mouad,Mouad,-76.49081584006694
Mouad_En_test_15s_18.mfcc,Mouad,Mouad,-78.10637427703435
Mouad_En_test_15s_19.mfcc,Mouad,Mouad,-76.83073976050505
Mouad_En_test_15s_2.mfcc,Mouad,Mouad,-77.67873208518095
Mouad_En_test_15s_20.mfcc,Mouad,Mouad,-76.54697179935447
Mouad_En_test_15s_21.mfcc,Mouad,Mouad,-77.56449830058014
Mouad_En_test_15s_22.mfcc,Mouad,Mouad,-77.85188880164792
Mouad_En_test_15s_23.mfcc,Mouad,Mouad,-78.56503356086876
Mouad_En_test_15s_24.mfcc,Mouad,Mouad,-76.98619352098348
Mouad_En_test_15s_25.mfcc,Mouad,Mouad,-78.08543263861142
Mouad_En_test_15s_26.mfcc,Mouad,Mouad,-76.7461007255456
Mouad_En_test_15s_27.mfcc,Mouad,Mouad,-77.17263533090787
Mouad_En_test_15s_28.mfcc,Mouad,Mouad,-77.38483526403239
Mouad_En_test_15s_29.mfcc,Mouad,Mouad,-77.50745313391533
Mouad_En_test_15s_3.mfcc,Mouad,Mouad,-77.46692541520784
Mouad_En_test_15s_30.mfcc,Mouad,Mouad,-76.82938581537334
Mouad_En_test_15s_4.mfcc,Mouad,Mouad,-77.48528353182124
Mouad_En_test_15s_5.mfcc,Mouad,Mouad,-77.16103075694303
Mouad_En_test_15s_6.mfcc,Mouad,Mouad,-76.8017603659173
Mouad_En_test_15s_7.mfcc,Mouad,Mouad,-76.89433400962253
Mouad_En_test_15s_8.mfcc,Mouad,Mouad,-77.6734733965839
Mouad_En_test_15s_9.mfcc,Mouad,Mouad,-76.54928436367477
Mouad_En_test_5s_1.mfcc,Mouad,Mouad,-78.28125695242927
Mouad_En_test_5s_10.mfcc,Mouad,Mouad,-77.5938959315708
Mouad_En_test_5s_11.mfcc,Mouad,Mouad,-78.14627306663398
Mouad_En_test_5s_12.mfcc,Mouad,Mouad,-77.98422373772998
Mouad_En_test_5s_13.mfcc,Mouad,Mouad,-77.43762788090412
Mouad_En_test_5s_14.mfcc,Mouad,Mouad,-78.11508088254041
Mouad_En_test_5s_15.mfcc,Mouad,Mouad,-76.64258415259187
Mouad_En_test_5s_16.mfcc,Mouad,Mouad,-77.58352526789665
Mouad_En_test_5s_17.mfcc,Mouad,Mouad,-78.45605896900267
Mouad_En_test_5s_18.mfcc,Mouad,Mouad,-77.43649542038038
Mouad_En_test_5s_19.mfcc,Mouad,Mouad,-76.14151015405884
Mouad_En_test_5s_2.mfcc,Mouad,Mouad,-75.24663979868748
Mouad_En_test_5s_20.mfcc,Mouad,Mouad,-77.02685777009742
Mouad_En_test_5s_21.mfcc,Mouad,Mouad,-77.45151761735954
Mouad_En_test_5s_22.mfcc,Mouad,Mouad,-75.99978174328328
Mouad_En_test_5s_23.mfcc,Mouad,Mouad,-76.88798299279303
Mouad_En_test_5s_24.mfcc,Mouad,Mouad,-75.77739869139037
Mouad_En_test_5s_25.mfcc,Mouad,Mouad,-76.5810943317577
Mouad_En_test_5s_26.mfcc,Mouad,Mouad,-77.30203294002266
Mouad_En_test_5s_27.mfcc,Mouad,Mouad,-77.78651113541
Mouad_En_test_5s_28.mfcc,Mouad,Mouad,-76.81288881861535
Mouad_En_test_5s_29.mfcc,Mouad,Mouad,-77.16602264176457
Mouad_En_test_5s_3.mfcc,Mouad,Mouad,-77.84868277078698
Mouad_En_test_5s_30.mfcc,Mouad,Mouad,-78.74121140687234
Mouad_En_test_5s_4.mfcc,Mouad,Mouad,-76.42425792976657
Mouad_En_test_5s_5.mfcc,Mouad,Mouad,-76.01671756397671
Mouad_En_test_5s_6.mfcc,Mouad,Mouad,-76.65672051659726
Mouad_En_test_5s_7.mfcc,Mouad,Mouad,-76.99999046061296
Mouad_En_test_5s_8.mfcc,Mouad,Mouad,-76.70422648864675
Mouad_En_test_5s_9.mfcc,Mouad,Mouad,-77.62552069758183
Mouad_Fr_test_10s_1.mfcc,Mouad,Mouad,-77.30409754868143
Mouad_Fr_test_10s_10.mfcc,Mouad,Mouad,-76.75473913790543
Mouad_Fr_test_10s_11.mfcc,Mouad,Mouad,-77.36845575989476
Mouad_Fr_test_10s_12.mfcc,Mouad,Mouad,-75.74571289654273
Mouad_Fr_test_10s_13.mfcc,Mouad,Mouad,-76.4224926364046
Mouad_Fr_test_10s_14.mfcc,Mouad,Mouad,-76.62183865547408
Mouad_Fr_test_10s_15.mfcc,Mouad,Mouad,-75.2158394055921
Mouad_Fr_test_10s_16.mfcc,Mouad,Mouad,-76.60153947456955
Mouad_Fr_test_10s_17.mfcc,Mouad,Mouad,-76.48332287489251
Mouad_Fr_test_10s_18.mfcc,Mouad,Mouad,-77.25815910290204
Mouad_Fr_test_10s_19.mfcc,Mouad,Mouad,-75.32079418800805
Mouad_Fr_test_10s_2.mfcc,Mouad,Mouad,-78.03751080450994
Mouad_Fr_test_10s_20.mfcc,Mouad,Mouad,-76.72425354671026
Mouad_Fr_test_10s_21.mfcc,Mouad,Mouad,-77.32093509356046
Mouad_Fr_test_10s_22.mfcc,Mouad,Mouad,-78.0090560409964
Mouad_Fr_test_10s_23.mfcc,Mouad,Mouad,-78.28328428146371
Mouad_Fr_test_10s_24.mfcc,Mouad,Mouad,-75.03776497692526
Mouad_Fr_test_10s_25.mfcc,Mouad,Mouad,-76.85968487911161
Mouad_Fr_test_10s_26.mfcc,Mouad,Mouad,-76.77991269143094
Mouad_Fr_test_10s_27.mfcc,Mouad,Mouad,-76.46008626698571
Mouad_Fr_test_10s_28.mfcc,Mouad,Mouad,-75.40847774374267
Mouad_Fr_test_10s_29.mfcc,Mouad,Mouad,-76.06316364994085
Mouad_Fr_test_10s_3.mfcc,Mouad,Mouad,-75.24867529536257
Mouad_Fr_test_10s_30.mfcc,Mouad,Mouad,-77.92628127102614
Mouad_Fr_test_10s_4.mfcc,Mouad,Mouad,-77.15429343259642
Mouad_Fr_test_10s_5.mfcc,Mouad,Mouad,-77.54634314714427
Mouad_Fr_test_10s_6.mfcc,Mouad,Mouad,-75.25416328072933
Mouad_Fr_test_10s_7.mfcc,Mouad,Mouad,-76.14041386180851
Mouad_Fr_test_10s_8.mfcc,Mouad,Mouad,-76.47776302903542
Mouad_Fr_test_10s_9.mfcc,Mouad,Mouad,-77.27672217919508
Mouad_Fr_test_15s_1.mfcc,Mouad,Mouad,-76.29823290009998
Mouad_Fr_test_15s_10.mfcc,Mouad,Mouad,-76.82169002211677
Mouad_Fr_test_15s_11.mfcc,Mouad,Mouad,-75.72778803967157
Mouad_Fr_test_15s_12.mfcc,Mouad,Mouad,-77.32049040357384
Mouad_Fr_test_15s_13.mfcc,Mouad,Mouad,-77.08994262421889
Mouad_Fr_test_15s_14.mfcc,Mouad,Mouad,-76.03004912213133
Mouad_Fr_test_15s_15.mfcc,Mouad,Mouad,-74.92017329266388
Mouad_Fr_test_15s_16.mfcc,Mouad,Mouad,-76.99530895580934
Mouad_Fr_test_15s_17.mfcc,Mouad,Mouad,-76.47171757690022
Mouad_Fr_test_15s_18.mfcc,Mouad,Mouad,-76.18796289044234
Mouad_Fr_test_15s_19.mfcc,Mouad,Mouad,-75.80944493155526
Mouad_Fr_test_15s_2.mfcc,Mouad,Mouad,-77.87929355687386
Mouad_Fr_test_15s_20.mfcc,Mouad,Mouad,-77.64205584987324
Mouad_Fr_test_15s_21.mfcc,Mouad,Mouad,-75.92496792974737
Mouad_Fr_test_15s_22.mfcc,Mouad,Mouad,-75.51577632517682
Mouad_Fr_test_15s_23.mfcc,Mouad,Mouad,-75.51740023664048
Mouad_Fr_test_15s_24.mfcc,Mouad,Mouad,-78.41141477947401
Mouad_Fr_test_15s_25.mfcc,Mouad,Mouad,-75.04822002490808
Mouad_Fr_test_15s_26.mfcc,Mouad,Mouad,-77.93388839560083
Mouad_Fr_test_15s_27.mfcc,Mouad,Mouad,-76.83641968083418
Mouad_Fr_test_15s_28.mfcc,Mouad,Mouad,-77.10812188958974
Mouad_Fr_test_15s_29.mfcc,Mouad,Mouad,-77.89983461087719
Mouad_Fr_test_15s_3.mfcc,Mouad,Mouad,-76.01436924848575
Mouad_Fr_test_15s_30.mfcc,Mouad,Mouad,-77.28952116408317
Mouad_Fr_test_15s_4.mfcc,Mouad,Mouad,-76.34017264274307
Mouad_Fr_test_15s_5.mfcc,Mouad,Mouad,-75.15169602283626
Mouad_Fr_test_15s_6.mfcc,Mouad,Mouad,-76.16090101724332
Mouad_Fr_test_15s_7.mfcc,Mouad,Mouad,-76.72988709600273
Mouad_Fr_test_15s_8.mfcc,Mouad,Mouad,-76.60921233992691
Mouad_Fr_test_15s_9.mfcc,Mouad,Mouad,-77.16731093488073
Mouad_Fr_test_5s_1.mfcc,Mouad,Mouad,-75.6255066167694
Mouad_Fr_test_5s_10.mfcc,Mouad,Mouad,-79.03051338686866
Mouad_Fr_test_5s_11.mfcc,Mouad,Mouad,-78.17084479861204
Mouad_Fr_test_5s_12.mfcc,Mouad,Mouad,-75.54586104109178
Mouad_Fr_test_5s_13.mfcc,Mouad,Mouad,-75.61466114642053
Mouad_Fr_test_5s_14.mfcc,Mouad,Mouad,-77.7803940977779
Mouad_Fr_test_5s_15.mfcc,Mouad,Mouad,-79.04649421568918
Mouad_Fr_test_5s_16.mfcc,Mouad,Mouad,-77.72607039963948
Mouad_Fr_test_5s_17.mfcc,Mouad,Mouad,-75.17655042339833
Mouad_Fr_test_5s_18.mfcc,Mouad,Mouad,-74.44545624991693
Mouad_Fr_test_5s_19.mfcc,Mouad,Mouad,-74.03960296860622
Mouad_Fr_test_5s_2.mfcc,Mouad,Mouad,-79.9923461211384
Mouad_Fr_test_5s_20.mfcc,Mouad,Mouad,-79.33808393952648
Mouad_Fr_test_5s_21.mfcc,Mouad,Mouad,-77.69470818755154
Mouad_Fr_test_5s_22.mfcc,Mouad,Mouad,-74.50790917674615
Mouad_Fr_test_5s_23.mfcc,Mouad,Mouad,-75.90843766228713
Mouad_Fr_test_5s_24.mfcc,Mouad,Mouad,-78.5173555010296
Mouad_Fr_test_5s_25.mfcc,Mouad,Mouad,-75.55299686705771
Mouad_Fr_test_5s_26.mfcc,Mouad,Mouad,-77.27018058154009
Mouad_Fr_test_5s_27.mfcc,Mouad,Mouad,-77.67237763922718
Mouad_Fr_test_5s_28.mfcc,Mouad,Mouad,-77.44861258111368
Mouad_Fr_test_5s_29.mfcc,Mouad,Mouad,-76.84841555135822
Mouad_Fr_test_5s_3.mfcc,Mouad,Mouad,-77.99551736980565
Mouad_Fr_test_5s_30.mfcc,Mouad,Mouad,-79.61716896763564
Mouad_Fr_test_5s_4.mfcc,Mouad,Mouad,-76.11714468253388
Mouad_Fr_test_5s_5.mfcc,Mouad,Mouad,-78.7775525835867
Mouad_Fr_test_5s_6.mfcc,Mouad,Mouad,-76.90294085494713
Mouad_Fr_test_5s_7.mfcc,Mouad,Mouad,-76.5748863435973
Mouad_Fr_test_5s_8.mfcc,Mouad,Mouad,-77.44505885991656
Mouad_Fr_test_5s_9.mfcc,Mouad,Mouad,-73.74140230392352
Noureddine_Ar_test_10s_1.mfcc,Noureddine,Noureddine,-87.98424604610618
Noureddine_Ar_test_10s_10.mfcc,Noureddine,Noureddine,-86.52352994684044
Noureddine_Ar_test_10s_11.mfcc,Noureddine,Noureddine,-87.12748612852846
Noureddine_Ar_test_10s_12.mfcc,Noureddine,Noureddine,-88.55276709138721
Noureddine_Ar_test_10s_13.mfcc,Noureddine,Noureddine,-87.85200121513328
Noureddine_Ar_test_10s_14.mfcc,Noureddine,Noureddine,-88.61984223751918
Noureddine_Ar_test_10s_15.mfcc,Noureddine,Noureddine,-88.61873779753417
Noureddine_Ar_test_10s_16.mfcc,Noureddine,Noureddine,-87.08312390959529
Noureddine_Ar_test_10s_17.mfcc,Noureddine,Noureddine,-87.47340271884445
Noureddine_Ar_test_10s_18.mfcc,Noureddine,Noureddine,-86.73247480097754
Noureddine_Ar_test_10s_19.mfcc,Noureddine,Noureddine,-86.79465947735929
Noureddine_Ar_test_10s_2.mfcc,Noureddine,Noureddine,-86.46262179986242
Noureddine_Ar_test_10s_20.mfcc,Noureddine,Noureddine,-87.04591762453354
Noureddine_Ar_test_10s_21.mfcc,Noureddine,Noureddine,-85.4805433006364
Noureddine_Ar_test_10s_22.mfcc,Noureddine,Noureddine,-88.55547435546877
Noureddine_Ar_test_10s_23.mfcc,Noureddine,Noureddine,-87.88285843319163
Noureddine_Ar_test_10s_24.mfcc,Noureddine,Noureddine,-88.21524101934061
Noureddine_Ar_test_10s_25.mfcc,Noureddine,Noureddine,-87.23146311120239
Noureddine_Ar_test_10s_26.mfcc,Noureddine,Noureddine,-87.20373934747646
Noureddine_Ar_test_10s_27.mfcc,Noureddine,Noureddine,-85.84302416066384
Noureddine_Ar_test_10s_28.mfcc,Noureddine,Noureddine,-88.2514988938816
Noureddine_Ar_test_10s_29.mfcc,Noureddine,Noureddine,-87.1217293065084
Noureddine_Ar_test_10s_3.mfcc,Noureddine,Noureddine,-86.59972809844236
Noureddine_Ar_test_10s_30.mfcc,Noureddine,Noureddine,-88.86580501168064
Noureddine_Ar_test_10s_4.mfcc,Noureddine,Noureddine,-87.47647053884538
Noureddine_Ar_test_10s_5.mfcc,Noureddine,Noureddine,-89.08123772016262
Noureddine_Ar_test_10s_6.mfcc,Noureddine,Noureddine,-88.87638603371138
Noureddine_Ar_test_10s_7.mfcc,Noureddine,Noureddine,-87.26874159641805
Noureddine_Ar_test_10s_8.mfcc,Noureddine,Noureddine,-87.42491187606224
Noureddine_Ar_test_10s_9.mfcc,Noureddine,Noureddine,-87.06284962762169
Noureddine_Ar_test_15s_1.mfcc,Noureddine,Noureddine,-86.43981662475055
Noureddine_Ar_test_15s_10.mfcc,Noureddine,Noureddine,-88.28553585163168
Noureddine_Ar_test_15s_11.mfcc,Noureddine,Noureddine,-87.66979173574637
Noureddine_Ar_test_15s_12.mfcc,Noureddine,Noureddine,-87.0425005472625
Noureddine_Ar_test_15s_13.mfcc,Noureddine,Noureddine,-86.43553466360169
Noureddine_Ar_test_15s_14.mfcc,Noureddine,Noureddine,-88.55122423689942
Noureddine_Ar_test_15s_15.mfcc,Noureddine,Noureddine,-86.52468997944456
Noureddine_Ar_test_15s_16.mfcc,Noureddine,Noureddine,-89.1235682322998
Noureddine_Ar_test_15s_17.mfcc,Noureddine,Noureddine,-86.67860948685943
Noureddine_Ar_test_15s_18.mfcc,Noureddine,Noureddine,-88.78293656284892
Noureddine_Ar_test_15s_19.mfcc,Noureddine,Noureddine,-87.28419471334166
Noureddine_Ar_test_15s_2.mfcc,Noureddine,Noureddine,-86.44445366804207
Noureddine_Ar_test_15s_20.mfcc,Noureddine,Noureddine,-86.93708830647789
Noureddine_Ar_test_15s_21.mfcc,Noureddine,Noureddine,-86.63972628400349
Noureddine_Ar_test_15s_22.mfcc,Noureddine,Noureddine,-86.95961298853872
Noureddine_Ar_test_15s_23.mfcc,Noureddine,Noureddine,-86.55954695620296
Noureddine_Ar_test_15s_24.mfcc,Noureddine,Noureddine,-87.17877097254973
Noureddine_Ar_test_15s_25.mfcc,Noureddine,Noureddine,-87.15410297369189
Noureddine_Ar_test_15s_26.mfcc,Noureddine,Noureddine,-87.17130314698662
Noureddine_Ar_test_15s_27.mfcc,Noureddine,Noureddine,-87.18440176387251
Noureddine_Ar_test_15s_28.mfcc,Noureddine,Noureddine,-86.85948813075663
Noureddine_Ar_test_15s_29.mfcc,Noureddine,Noureddine,-86.97802107757869
Noureddine_Ar_test_15s_3.mfcc,Noureddine,Noureddine,-89.32665483869971
Noureddine_Ar_test_15s_30.mfcc,Noureddine,Noureddine,-86.98617851507824
Noureddine_Ar_test_15s_4.mfcc,Noureddine,Noureddine,-89.35086324327132
Noureddine_Ar_test_15s_5.mfcc,Noureddine,Noureddine,-87.33668949187515
Noureddine_Ar_test_15s_6.mfcc,Noureddine,Noureddine,-86.742253139713
Noureddine_Ar_test_15s_7.mfcc,Noureddine,Noureddine,-87.44207153338708
Noureddine_Ar_test_15s_8.mfcc,Noureddine,Noureddine,-86.89594986300752
Noureddine_Ar_test_15s_9.mfcc,Noureddine,Noureddine,-86.88749790438584
Noureddine_Ar_test_5s_1.mfcc,Noureddine,Noureddine,-87.10571460112683
Noureddine_Ar_test_5s_10.mfcc,Noureddine,Noureddine,-87.62440578143118
Noureddine_Ar_test_5s_11.mfcc,Noureddine,Noureddine,-86.71994113690484
Noureddine_Ar_test_5s_12.mfcc,Noureddine,Noureddine,-89.02989065870761
Noureddine_Ar_test_5s_13.mfcc,Noureddine,Noureddine,-87.65728085388564
Noureddine_Ar_test_5s_14.mfcc,Noureddine,Noureddine,-89.60073010824966
Noureddine_Ar_test_5s_15.mfcc,Noureddine,Noureddine,-88.44121032425356
Noureddine_Ar_test_5s_16.mfcc,Noureddine,Noureddine,-89.40037312970989
Noureddine_Ar_test_5s_17.mfcc,Noureddine,Noureddine,-88.2539034589796
Noureddine_Ar_test_5s_18.mfcc,Noureddine,Noureddine,-87.25850344007921
Noureddine_Ar_test_5s_19.mfcc,Noureddine,Noureddine,-86.52699104246518
Noureddine_Ar_test_5s_2.mfcc,Noureddine,Noureddine,-86.31248486470095
Noureddine_Ar_test_5s_20.mfcc,Noureddine,Noureddine,-90.18126941149434
Noureddine_Ar_test_5s_21.mfcc,Noureddine,Noureddine,-86.54667843159044
Noureddine_Ar_test_5s_22.mfcc,Noureddine,Noureddine,-87.53085152544281
Noureddine_Ar_test_5s_23.mfcc,Noureddine,Noureddine,-85.18107277766876
Noureddine_Ar_test_5s_24.mfcc,Noureddine,Noureddine,-86.50537286624794
Noureddine_Ar_test_5s_25.mfcc,Noureddine,Noureddine,-87.16663109514748
Noureddine_Ar_test_5s_26.mfcc,Noureddine,Noureddine,-85.45112133513508
Noureddine_Ar_test_5s_27.mfcc,Noureddine,Noureddine,-86.94708241002643
Noureddine_Ar_test_5s_28.mfcc,Noureddine,Noureddine,-88.64828763177591
Noureddine_Ar_test_5s_29.mfcc,Noureddine,Noureddine,-87.5560101600117
Noureddine_Ar_test_5s_3.mfcc,Noureddine,Noureddine,-86.99255778349038
Noureddine_Ar_test_5s_30.mfcc,Noureddine,Noureddine,-88.88375946726892
Noureddine_Ar_test_5s_4.mfcc,Noureddine,Noureddine,-86.16855075968681
Noureddine_Ar_test_5s_5.mfcc,Noureddine,Noureddine,-89.16415259542602
Noureddine_Ar_test_5s_6.mfcc,Noureddine,Noureddine,-88.89151568539714
Noureddine_Ar_test_5s_7.mfcc,Noureddine,Noureddine,-89.97867579059688
Noureddine_Ar_test_5s_8.mfcc,Noureddine,Noureddine,-87.11694512769809
Noureddine_Ar_test_5s_9.mfcc,Noureddine,Noureddine,-87.4240818214133
Noureddine_En_test_10s_1.mfcc,Noureddine,Noureddine,-86.4563747879907
Noureddine_En_test_10s_10.mfcc,Noureddine,Noureddine,-87.37300280776756
Noureddine_En_test_10s_11.mfcc,Noureddine,Noureddine,-86.8982751366102
Noureddine_En_test_10s_12.mfcc,Noureddine,Noureddine,-89.50596136264424
Noureddine_En_test_10s_13.mfcc,Noureddine,Noureddine,-89.48541152589205
Noureddine_En_test_10s_14.mfcc,Noureddine,Noureddine,-88.12787749871467
Noureddine_En_test_10s_15.mfcc,Noureddine,Noureddine,-87.2559114829732
Noureddine_En_test_10s_16.mfcc,Noureddine,Noureddine,-87.81603568928068
Noureddine_En_test_10s_17.mfcc,Noureddine,Noureddine,-88.44811303260946
Noureddine_En_test_10s_18.mfcc,Noureddine,Noureddine,-85.60280349934767
Noureddine_En_test_10s_19.mfcc,Noureddine,Noureddine,-88.24665480104426
Noureddine_En_test_10s_2.mfcc,Noureddine,Noureddine,-89.17243077723663
Noureddine_En_test_10s_20.mfcc,Noureddine,Noureddine,-88.85609056912955
Noureddine_En_test_10s_21.mfcc,Noureddine,Noureddine,-88.25632133925966
Noureddine_En_test_10s_22.mfcc,Noureddine,Noureddine,-87.17667316747571
Noureddine_En_test_10s_23.mfcc,Noureddine,Noureddine,-88.99870921173465
Noureddine_En_test_10s_24.mfcc,Noureddine,Noureddine,-86.79722267237261
Noureddine_En_test_10s_25.mfcc,Noureddine,Noureddine,-87.47297616322658
Noureddine_En_test_10s_26.mfcc,Noureddine,Noureddine,-88.03150738296122
Noureddine_En_test_10s_27.mfcc,Noureddine,Noureddine,-88.36202240566726
Noureddine_En_test_10s_28.mfcc,Noureddine,Noureddine,-87.41210046472919
Noureddine_En_test_10s_29.mfcc,Noureddine,Noureddine,-90.28481523942759
Noureddine_En_test_10s_3.mfcc,Noureddine,Noureddine,-87.63231241634247
Noureddine_En_test_10s_30.mfcc,Noureddine,Noureddine,-89.54438345498313
Noureddine_En_test_10s_4.mfcc,Noureddine,Noureddine,-88.15822701244421
Noureddine_En_test_10s_5.mfcc,Noureddine,Noureddine,-90.00027024361898
Noureddine_En_test_10s_6.mfcc,Noureddine,Noureddine,-90.11616013485094
Noureddine_En_test_10s_7.mfcc,Noureddine,Noureddine,-86.87687125273477
Noureddine_En_test_10s_8.mfcc,Noureddine,Noureddine,-87.80784026946893
Noureddine_En_test_10s_9.mfcc,Noureddine,Noureddine,-88.17282680603198
Noureddine_En_test_15s_1.mfcc,Noureddine,Noureddine,-88.42323578613266
Noureddine_En_test_15s_10.mfcc,Noureddine,Noureddine,-88.90389345557715
Noureddine_En_test_15s_11.mfcc,Noureddine,Noureddine,-87.03567039715404
Noureddine_En_test_15s_12.mfcc,Noureddine,Noureddine,-89.6499288121483
Noureddine_En_test_15s_13.mfcc,Noureddine,Noureddine,-88.4422149106595
Noureddine_En_test_15s_14.mfcc,Noureddine,Noureddine,-87.78862550965346
Noureddine_En_test_15s_15.mfcc,Noureddine,Noureddine,-89.64486733562832
Noureddine_En_test_15s_16.mfcc,Noureddine,Noureddine,-87.8224610798016
Noureddine_En_test_15s_17.mfcc,Noureddine,Noureddine,-88.56750625578034
Noureddine_En_test_15s_18.mfcc,Noureddine,Noureddine,-86.02027796187551
Noureddine_En_test_15s_19.mfcc,Noureddine,Noureddine,-86.18979462518728
Noureddine_En_test_15s_2.mfcc,Noureddine,Noureddine,-88.41660783372639
Noureddine_En_test_15s_20.mfcc,Noureddine,Noureddine,-89.58276051947037
Noureddine_En_test_15s_21.mfcc,Noureddine,Noureddine,-88.20958920700592
Noureddine_En_test_15s_22.mfcc,Noureddine,Noureddine,-87.1638397345719
Noureddine_En_test_15s_23.mfcc,Noureddine,Noureddine,-87.4993983776733
Noureddine_En_test_15s_24.mfcc,Noureddine,Noureddine,-88.99883364782391
Noureddine_En_test_15s_25.mfcc,Noureddine,Noureddine,-87.56985100443526
Noureddine_En_test_15s_26.mfcc,Noureddine,Noureddine,-87.43162820821381
Noureddine_En_test_15s_27.mfcc,Noureddine,Noureddine,-88.15933999768221
Noureddine_En_test_15s_28.mfcc,Noureddine,Noureddine,-87.10448083555075
Noureddine_En_test_15s_29.mfcc,Noureddine,Noureddine,-88.47032011729397
Noureddine_En_test_15s_3.mfcc,Noureddine,Noureddine,-87.91735394056938
Noureddine_En_test_15s_30.mfcc,Noureddine,Noureddine,-87.54735641888666
Noureddine_En_test_15s_4.mfcc,Noureddine,Noureddine,-88.42600140292758
Noureddine_En_test_15s_5.mfcc,Noureddine,Noureddine,-87.28882414475895
Noureddine_En_test_15s_6.mfcc,Noureddine,Noureddine,-89.48005783342747
Noureddine_En_test_15s_7.mfcc,Noureddine,Noureddine,-88.79177154584522
Noureddine_En_test_15s_8.mfcc,Noureddine,Noureddine,-87.1671969983833
Noureddine_En_test_15s_9.mfcc,Noureddine,Noureddine,-89.32214501655261
Noureddine_En_test_5s_1.mfcc,Noureddine,Noureddine,-87.6235502990675
Noureddine_En_test_5s_10.mfcc,Noureddine,Noureddine,-87.3471824398589
Noureddine_En_test_5s_11.mfcc,Noureddine,Noureddine,-86.18672301521686
Noureddine_En_test_5s_12.mfcc,Noureddine,Noureddine,-87.8896477182247
Noureddine_En_test_5s_13.mfcc,Noureddine,Noureddine,-86.94971986255946
Noureddine_En_test_5s_14.mfcc,Noureddine,Noureddine,-89.9499911412056
Noureddine_En_test_5s_15.mfcc,Noureddine,Noureddine,-88.48082470943802
Noureddine_En_test_5s_16.mfcc,Noureddine,Noureddine,-88.14986010571731
Noureddine_En_test_5s_17.mfcc,Noureddine,Noureddine,-89.11703113576881
Noureddine_En_test_5s_18.mfcc,Noureddine,Noureddine,-87.61815733514626
Noureddine_En_test_5s_19.mfcc,Noureddine,Noureddine,-88.53955908449949
Noureddine_En_test_5s_2.mfcc,Noureddine,Noureddine,-90.05495426331574
Noureddine_En_test_5s_20.mfcc,Noureddine,Noureddine,-89.73506307860566
Noureddine_En_test_5s_21.mfcc,Noureddine,Noureddine,-90.15693545635466
Noureddine_En_test_5s_22.mfcc,Noureddine,Noureddine,-85.83436927087256
Noureddine_En_test_5s_23.mfcc,Noureddine,Noureddine,-89.19948684203203
Noureddine_En_test_5s_24.mfcc,Noureddine,Noureddine,-88.53689965811398
Noureddine_En_test_5s_25.mfcc,Noureddine,Noureddine,-88.62703835035381
Noureddine_En_test_5s_26.mfcc,Noureddine,Noureddine,-88.91042965618921
Noureddine_En_test_5s_27.mfcc,Noureddine,Noureddine,-87.4056622202731
Noureddine_En_test_5s_28.mfcc,Noureddine,Noureddine,-87.91908606466612
Noureddine_En_test_5s_29.mfcc,Noureddine,Noureddine,-88.71967860989304
Noureddine_En_test_5s_3.mfcc,Noureddine,Noureddine,-89.21105919762492
Noureddine_En_test_5s_30.mfcc,Noureddine,Noureddine,-88.51449439082512
Noureddine_En_test_5s_4.mfcc,Noureddine,Noureddine,-90.43989246507284
Noureddine_En_test_5s_5.mfcc,Noureddine,Noureddine,-87.51975553857947
Noureddine_En_test_5s_6.mfcc,Noureddine,Noureddine,-87.40095679235365
Noureddine_En_test_5s_7.mfcc,Noureddine,Noureddine,-87.16605125385264
Noureddine_En_test_5s_8.mfcc,Noureddine,Noureddine,-87.16978055222071
Noureddine_En_test_5s_9.mfcc,Noureddine,Noureddine,-88.00192031176073
Noureddine_Fr_test_10s_1.mfcc,Noureddine,Noureddine,-84.80235637840899
Noureddine_Fr_test_10s_10.mfcc,Noureddine,Noureddine,-87.04044057712682
Noureddine_Fr_test_10s_11.mfcc,Noureddine,Noureddine,-85.49900846765075
Noureddine_Fr_test_10s_12.mfcc,Noureddine,Noureddine,-86.38721622959842
Noureddine_Fr_test_10s_13.mfcc,Noureddine,Noureddine,-88.132093291935
Noureddine_Fr_test_10s_14.mfcc,Noureddine,Noureddine,-87.42380785455238
Noureddine_Fr_test_10s_15.mfcc,Noureddine,Noureddine,-84.60972237317695
Noureddine_Fr_test_10s_16.mfcc,Noureddine,Noureddine,-84.26059823643425
Noureddine_Fr_test_10s_17.mfcc,Noureddine,Noureddine,-86.71025918598691
Noureddine_Fr_test_10s_18.mfcc,Noureddine,Noureddine,-85.77019964664503
Noureddine_Fr_test_10s_19.mfcc,Noureddine,Noureddine,-86.31589504518764
Noureddine_Fr_test_10s_2.mfcc,Noureddine,Noureddine,-86.10823355551574
Noureddine_Fr_test_10s_20.mfcc,Noureddine,Noureddine,-84.42026031399867
Noureddine_Fr_test_10s_21.mfcc,Noureddine,Noureddine,-84.2579380612753
Noureddine_Fr_test_10s_22.mfcc,Noureddine,Noureddine,-87.4764914730933
Noureddine_Fr_test_10s_23.mfcc,Noureddine,Noureddine,-85.02752760101069
Noureddine_Fr_test_10s_24.mfcc,Noureddine,Noureddine,-84.53221361580883
Noureddine_Fr_test_10s_25.mfcc,Noureddine,Noureddine,-82.55851750963477
Noureddine_Fr_test_10s_26.mfcc,Noureddine,Noureddine,-86.92977990025045
Noureddine_Fr_test_10s_27.mfcc,Noureddine,Noureddine,-85.18263002464367
Noureddine_Fr_test_10s_28.mfcc,Noureddine,Noureddine,-85.37191961661078
Noureddine_Fr_test_10s_29.mfcc,Noureddine,Noureddine,-85.59818673418759
Noureddine_Fr_test_10s_3.mfcc,Noureddine,Noureddine,-82.77123197783663
Noureddine_Fr_test_10s_30.mfcc,Noureddine,Noureddine,-84.61002381092376
Noureddine_Fr_test_10s_4.mfcc,Noureddine,Noureddine,-85.17763830188748
Noureddine_Fr_test_10s_5.mfcc,Noureddine,Noureddine,-87.71619356151136
Noureddine_Fr_test_10s_6.mfcc,Noureddine,Noureddine,-83.7373779743944
Noureddine_Fr_test_10s_7.mfcc,Noureddine,Noureddine,-87.78000193271518
Noureddine_Fr_test_10s_8.mfcc,Noureddine,Noureddine,-87.21242854236255
Noureddine_Fr_test_10s_9.mfcc,Noureddine,Noureddine,-85.9066435892688
Noureddine_Fr_test_15s_1.mfcc,Noureddine,Noureddine,-85.58010124399323
Noureddine_Fr_test_15s_10.mfcc,Noureddine,Noureddine,-86.361896419095
Noureddine_Fr_test_15s_11.mfcc,Noureddine,Noureddine,-84.40954871264802
Noureddine_Fr_test_15s_12.mfcc,Noureddine,Noureddine,-86.35799159878745
Noureddine_Fr_test_15s_13.mfcc,Noureddine,Noureddine,-86.18235726371715
Noureddine_Fr_test_15s_14.mfcc,Noureddine,Noureddine,-84.95914004632623
Noureddine_Fr_test_15s_15.mfcc,Noureddine,Noureddine,-87.04959747401797
Noureddine_Fr_test_15s_16.mfcc,Noureddine,Noureddine,-85.31712490086836
Noureddine_Fr_test_15s_17.mfcc,Noureddine,Noureddine,-86.01065404417274
Noureddine_Fr_test_15s_18.mfcc,Noureddine,Noureddine,-84.62627530176756
Noureddine_Fr_test_15s_19.mfcc,Noureddine,Noureddine,-87.42128473284147
Noureddine_Fr_test_15s_2.mfcc,Noureddine,Noureddine,-85.14544492846672
Noureddine_Fr_test_15s_20.mfcc,Noureddine,Noureddine,-86.12106666402656
Noureddine_Fr_test_15s_21.mfcc,Noureddine,Noureddine,-85.52980926776357
Noureddine_Fr_test_15s_22.mfcc,Noureddine,Noureddine,-85.64022750394312
Noureddine_Fr_test_15s_23.mfcc,Noureddine,Noureddine,-85.66008303481601
Noureddine_Fr_test_15s_24.mfcc,Noureddine,Noureddine,-87.07426268346516
Noureddine_Fr_test_15s_25.mfcc,Noureddine,Noureddine,-86.00655093305981
Noureddine_Fr_test_15s_26.mfcc,Noureddine,Noureddine,-84.115270803303
Noureddine_Fr_test_15s_27.mfcc,Noureddine,Noureddine,-86.20361320964096
Noureddine_Fr_test_15s_28.mfcc,Noureddine,Noureddine,-84.25717956430753
Noureddine_Fr_test_15s_29.mfcc,Noureddine,Noureddine,-86.94329667623735
Noureddine_Fr_test_15s_3.mfcc,Noureddine,Noureddine,-85.88617212482616
Noureddine_Fr_test_15s_30.mfcc,Noureddine,Noureddine,-87.20516603613176
Noureddine_Fr_test_15s_4.mfcc,Noureddine,Noureddine,-85.86978603927552
Noureddine_Fr_test_15s_5.mfcc,Noureddine,Noureddine,-86.69633307004216
Noureddine_Fr_test_15s_6.mfcc,Noureddine,Noureddine,-86.17901684385215
Noureddine_Fr_test_15s_7.mfcc,Noureddine,Noureddine,-86.9497068649271
Noureddine_Fr_test_15s_8.mfcc,Noureddine,Noureddine,-85.25576187942218
Noureddine_Fr_test_15s_9.mfcc,Noureddine,Noureddine,-85.44115898186759
Noureddine_Fr_test_5s_1.mfcc,Noureddine,Noureddine,-84.92385432138946
Noureddine_Fr_test_5s_10.mfcc,Noureddine,Noureddine,-86.68337135865876
Noureddine_Fr_test_5s_11.mfcc,Noureddine,Noureddine,-86.21655617036215
Noureddine_Fr_test_5s_12.mfcc,Noureddine,Noureddine,-86.9731557201842
Noureddine_Fr_test_5s_13.mfcc,Noureddine,Noureddine,-87.23572879451578
Noureddine_Fr_test_5s_14.mfcc,Noureddine,Noureddine,-85.99027509694727
Noureddine_Fr_test_5s_15.mfcc,Noureddine,Noureddine,-86.90719153871164
Noureddine_Fr_test_5s_16.mfcc,Noureddine,Noureddine,-86.364933609895
Noureddine_Fr_test_5s_17.mfcc,Noureddine,Noureddine,-87.92534597041234
Noureddine_Fr_test_5s_18.mfcc,Noureddine,Noureddine,-86.29945122112707
Noureddine_Fr_test_5s_19.mfcc,Noureddine,Noureddine,-87.86127878479718
Noureddine_Fr_test_5s_2.mfcc,Noureddine,Noureddine,-83.47606441766303
Noureddine_Fr_test_5s_20.mfcc,Noureddine,Noureddine,-87.58025340938084
Noureddine_Fr_test_5s_21.mfcc,Noureddine,Noureddine,-86.12987536061293
Noureddine_Fr_test_5s_22.mfcc,Noureddine,Noureddine,-87.83728884800998
Noureddine_Fr_test_5s_23.mfcc,Noureddine,Noureddine,-86.92694247868268
Noureddine_Fr_test_5s_24.mfcc,Noureddine,Noureddine,-87.78402185361416
Noureddine_Fr_test_5s_25.mfcc,Noureddine,Noureddine,-88.30943562626277
Noureddine_Fr_test_5s_26.mfcc,Noureddine,Noureddine,-86.45944271672694
Noureddine_Fr_test_5s_27.mfcc,Noureddine,Noureddine,-84.75870622535965
Noureddine_Fr_test_5s_28.mfcc,Noureddine,Noureddine,-84.67671647630867
Noureddine_Fr_test_5s_29.mfcc,Noureddine,Noureddine,-86.41247887093542
Noureddine_Fr_test_5s_3.mfcc,Noureddine,Noureddine,-89.0054269346237
Noureddine_Fr_test_5s_30.mfcc,Noureddine,Noureddine,-84.934215250195
Noureddine_Fr_test_5s_4.mfcc,Noureddine,Noureddine,-85.76744996683765
Noureddine_Fr_test_5s_5.mfcc,Noureddine,Noureddine,-84.85350366119054
Noureddine_Fr_test_5s_6.mfcc,Noureddine,Noureddine,-89.00144177014832
Noureddine_Fr_test_5s_7.mfcc,Noureddine,Noureddine,-83.68828126862101
Noureddine_Fr_test_5s_8.mfcc,Noureddine,Noureddine,-86.2385772136538
Noureddine_Fr_test_5s_9.mfcc,Noureddine,Noureddine,-86.90654605209276
Ridouane_Ar_test_10s_1.mfcc,Ridouane,Ridouane,-88.73121146513336
Ridouane_Ar_test_10s_10.mfcc,Ridouane,Ridouane,-90.47960714164964
Ridouane_Ar_test_10s_11.mfcc,Ridouane,Ridouane,-89.66409420106586
Ridouane_Ar_test_10s_12.mfcc,Ridouane,Ridouane,-89.19301936499461
Ridouane_Ar_test_10s_13.mfcc,Ridouane,Ridouane,-88.82236403993828
Ridouane_Ar_test_10s_14.mfcc,Ridouane,Ridouane,-92.21290987773544
Ridouane_Ar_test_10s_15.mfcc,Ridouane,Ridouane,-86.98032043249653
Ridouane_Ar_test_10s_16.mfcc,Ridouane,Ridouane,-89.49094674941222
Ridouane_Ar_test_10s_17.mfcc,Ridouane,Ridouane,-89.86559510949151
Ridouane_Ar_test_10s_18.mfcc,Ridouane,Ridouane,-89.63309628722553
Ridouane_Ar_test_10s_19.mfcc,Ridouane,Ridouane,-90.61584748039324
Ridouane_Ar_test_10s_2.mfcc,Ridouane,Ridouane,-89.59960946082812
Ridouane_Ar_test_10s_20.mfcc,Ridouane,Ridouane,-90.92213094097248
Ridouane_Ar_test_10s_21.mfcc,Ridouane,Ridouane,-90.268593933839
Ridouane_Ar_test_10s_22.mfcc,Ridouane,Ridouane,-86.79867494791006
Ridouane_Ar_test_10s_23.mfcc,Ridouane,Ridouane,-89.20658419376447
Ridouane_Ar_test_10s_24.mfcc,Ridouane,Ridouane,-88.01385224835869
Ridouane_Ar_test_10s_25.mfcc,Ridouane,Ridouane,-90.55648497211043
Ridouane_Ar_test_10s_26.mfcc,Ridouane,Ridouane,-87.92432197814185
Ridouane_Ar_test_10s_27.mfcc,Ridouane,Ridouane,-88.70621456939398
Ridouane_Ar_test_10s_28.mfcc,Ridouane,Ridouane,-88.73019558932693
Ridouane_Ar_test_10s_29.mfcc,Ridouane,Ridouane,-89.08696013647622
Ridouane_Ar_test_10s_3.mfcc,Ridouane,Ridouane,-90.12214728699817
Ridouane_Ar_test_10s_30.mfcc,Ridouane,Ridouane,-90.7104852664474
Ridouane_Ar_test_10s_4.mfcc,Ridouane,Ridouane,-90.53836153352154
Ridouane_Ar_test_10s_5.mfcc,Ridouane,Ridouane,-89.61082319100943
Ridouane_Ar_test_10s_6.mfcc,Ridouane,Ridouane,-90.83262396163273
Ridouane_Ar_test_10s_7.mfcc,Ridouane,Ridouane,-87.55782632329164
Ridouane_Ar_test_10s_8.mfcc,Ridouane,Ridouane,-90.28632766482471
Ridouane_Ar_test_10s_9.mfcc,Ridouane,Ridouane,-90.35690988941292
Ridouane_Ar_test_15s_1.mfcc,Ridouane,Ridouane,-88.61718619199951
Ridouane_Ar_test_15s_10.mfcc,Ridouane,Ridouane,-90.92985645845857
Ridouane_Ar_test_15s_11.mfcc,Ridouane,Ridouane,-89.59227193460708
Ridouane_Ar_test_15s_12.mfcc,Ridouane,Ridouane,-90.7138062800696
Ridouane_Ar_test_15s_13.mfcc,Ridouane,Ridouane,-88.82382826559346
Ridouane_Ar_test_15s_14.mfcc,Ridouane,Ridouane,-89.89277967648711
Ridouane_Ar_test_15s_15.mfcc,Ridouane,Ridouane,-88.15202457493568
Ridouane_Ar_test_15s_16.mfcc,Ridouane,Ridouane,-89.89907359030862
Ridouane_Ar_test_15s_17.mfcc,Ridouane,Ridouane,-86.52881309654981
Ridouane_Ar_test_15s_18.mfcc,Ridouane,Ridouane,-89.0479564067929
Ridouane_Ar_test_15s_19.mfcc,Ridouane,Ridouane,-90.32726757018706
Ridouane_Ar_test_15s_2.mfcc,Ridouane,Ridouane,-89.0866361693375
Ridouane_Ar_test_15s_20.mfcc,Ridouane,Ridouane,-89.6042555479708
Ridouane_Ar_test_15s_21.mfcc,Ridouane,Ridouane,-90.68120404480676
Ridouane_Ar_test_15s_22.mfcc,Ridouane,Ridouane,-90.13803783809757
Ridouane_Ar_test_15s_23.mfcc,Ridouane,Ridouane,-91.12149307414363
Ridouane_Ar_test_15s_24.mfcc,Ridouane,Ridouane,-89.91663257177235
Ridouane_Ar_test_15s_25.mfcc,Ridouane,Ridouane,-88.72521702119094
Ridouane_Ar_test_15s_26.mfcc,Ridouane,Ridouane,-89.5979241953776
Ridouane_Ar_test_15s_27.mfcc,Ridouane,Ridouane,-88.93650468395845
Ridouane_Ar_test_15s_28.mfcc,Ridouane,Ridouane,-89.65095108705776
Ridouane_Ar_test_15s_29.mfcc,Ridouane,Ridouane,-89.23371905838542
Ridouane_Ar_test_15s_3.mfcc,Ridouane,Ridouane,-89.47100425137651
Ridouane_Ar_test_15s_30.mfcc,Ridouane,Ridouane,-88.56319128745893
Ridouane_Ar_test_15s_4.mfcc,Ridouane,Ridouane,-88.21099560338911
Ridouane_Ar_test_15s_5.mfcc,Ridouane,Ridouane,-90.17056291490329
Ridouane_Ar_test_15s_6.mfcc,Ridouane,Ridouane,-88.58563721788808
Ridouane_Ar_test_15s_7.mfcc,Ridouane,Ridouane,-90.38943579438649
Ridouane_Ar_test_15s_8.mfcc,Ridouane,Ridouane,-90.5767090474679
Ridouane_Ar_test_15s_9.mfcc,Ridouane,Ridouane,-87.96267999128675
Ridouane_Ar_test_5s_1.mfcc,Ridouane,Ridouane,-88.05617828630524
Ridouane_Ar_test_5s_10.mfcc,Ridouane,Ridouane,-88.7997275977317
Ridouane_Ar_test_5s_11.mfcc,Ridouane,Ridouane,-90.32763222588359
Ridouane_Ar_test_5s_12.mfcc,Ridouane,Ridouane,-88.95254695960395
Ridouane_Ar_test_5s_13.mfcc,Ridouane,Ridouane,-89.72989255538204
Ridouane_Ar_test_5s_14.mfcc,Ridouane,Ridouane,-91.62590720754498
Ridouane_Ar_test_5s_15.mfcc,Ridouane,Ridouane,-91.18785265506988
Ridouane_Ar_test_5s_16.mfcc,Ridouane,Ridouane,-89.6990630922584
Ridouane_Ar_test_5s_17.mfcc,Ridouane,Ridouane,-92.25592098850855
Ridouane_Ar_test_5s_18.mfcc,Ridouane,Ridouane,-88.63179661788658
Ridouane_Ar_test_5s_19.mfcc,Ridouane,Ridouane,-87.16840779959881
Ridouane_Ar_test_5s_2.mfcc,Ridouane,Ridouane,-90.3924984850987
Ridouane_Ar_test_5s_20.mfcc,Ridouane,Ridouane,-89.50369896373151
Ridouane_Ar_test_5s_21.mfcc,Ridouane,Ridouane,-89.62796649289349
Ridouane_Ar_test_5s_22.mfcc,Ridouane,Ridouane,-89.91587203854628
Ridouane_Ar_test_5s_23.mfcc,Ridouane,Ridouane,-89.70714430805636
Ridouane_Ar_test_5s_24.mfcc,Ridouane,Ridouane,-88.57289415392309
Ridouane_Ar_test_5s_25.mfcc,Ridouane,Ridouane,-91.4488557016017
Ridouane_Ar_test_5s_26.mfcc,Ridouane,Ridouane,-86.04574908358059
Ridouane_Ar_test_5s_27.mfcc,Ridouane,Ridouane,-88.00117692467376
Ridouane_Ar_test_5s_28.mfcc,Ridouane,Ridouane,-89.16902249686882
Ridouane_Ar_test_5s_29.mfcc,Ridouane,Ridouane,-89.72697232246341
Ridouane_Ar_test_5s_3.mfcc,Ridouane,Ridouane,-89.09714054727756
Ridouane_Ar_test_5s_30.mfcc,Ridouane,Ridouane,-89.93801486420547
Ridouane_Ar_test_5s_4.mfcc,Ridouane,Ridouane,-86.58604339559251
Ridouane_Ar_test_5s_5.mfcc,Ridouane,Ridouane,-90.97362397681148
Ridouane_Ar_test_5s_6.mfcc,Ridouane,Ridouane,-91.44354703854589
Ridouane_Ar_test_5s_7.mfcc,Ridouane,Ridouane,-92.4173238750201
Ridouane_Ar_test_5s_8.mfcc,Ridouane,Ridouane,-90.90677711664404
Ridouane_Ar_test_5s_9.mfcc,Ridouane,Ridouane,-91.50932931946777
Ridouane_En_test_10s_1.mfcc,Ridouane,Ridouane,-87.35340752327004
Ridouane_En_test_10s_10.mfcc,Ridouane,Ridouane,-87.69991802055124
Ridouane_En_test_10s_11.mfcc,Ridouane,Ridouane,-85.79881570791332
Ridouane_En_test_10s_12.mfcc,Ridouane,Ridouane,-88.37412645393576
Ridouane_En_test_10s_13.mfcc,Ridouane,Ridouane,-87.75174238232557
Ridouane_En_test_10s_14.mfcc,Ridouane,Ridouane,-87.58946633726104
Ridouane_En_test_10s_15.mfcc,Ridouane,Ridouane,-86.53248962337787
Ridouane_En_test_10s_16.mfcc,Ridouane,Ridouane,-87.05254649107555
Ridouane_En_test_10s_17.mfcc,Ridouane,Ridouane,-85.5284725083319
Ridouane_En_test_10s_18.mfcc,Ridouane,Ridouane,-87.650967454088
Ridouane_En_test_10s_19.mfcc,Ridouane,Ridouane,-85.10778779902454
Ridouane_En_test_10s_2.mfcc,Ridouane,Ridouane,-86.14704295993225
Ridouane_En_test_10s_20.mfcc,Ridouane,Ridouane,-87.90665928400807
Ridouane_En_test_10s_21.mfcc,Ridouane,Ridouane,-85.72483545187613
Ridouane_En_test_10s_22.mfcc,Ridouane,Ridouane,-86.60417518779145
Ridouane_En_test_10s_23.mfcc,Ridouane,Ridouane,-89.6007254841398
Ridouane_En_test_10s_24.mfcc,Ridouane,Ridouane,-84.97633362472622
Ridouane_En_test_10s_25.mfcc,Ridouane,Ridouane,-87.27208929072047
Ridouane_En_test_10s_26.mfcc,Ridouane,Ridouane,-86.72257200535415
Ridouane_En_test_10s_27.mfcc,Ridouane,Ridouane,-87.35399617977923
Ridouane_En_test_10s_28.mfcc,Ridouane,Ridouane,-88.28557440898952
Ridouane_En_test_10s_29.mfcc,Ridouane,Ridouane,-88.35102114151447
Ridouane_En_test_10s_3.mfcc,Ridouane,Ridouane,-85.77537217282149
Ridouane_En_test_10s_30.mfcc,Ridouane,Ridouane,-86.44890580217981
Ridouane_En_test_10s_4.mfcc,Ridouane,Ridouane,-88.15637750445256
Ridouane_En_test_10s_5.mfcc,Ridouane,Ridouane,-87.3066779356677
Ridouane_En_test_10s_6.mfcc,Ridouane,Ridouane,-89.1193043034935
Ridouane_En_test_10s_7.mfcc,Ridouane,Ridouane,-86.38190179512651
Ridouane_En_test_10s_8.mfcc,Ridouane,Ridouane,-88.1779304613686
Ridouane_En_test_10s_9.mfcc,Ridouane,Ridouane,-87.43301169579352
Ridouane_En_test_15s_1.mfcc,Ridouane,Ridouane,-88.44953090698297
Ridouane_En_test_15s_10.mfcc,Ridouane,Ridouane,-86.5499158034839
Ridouane_En_test_15s_11.mfcc,Ridouane,Ridouane,-87.85402305823101
Ridouane_En_test_15s_12.mfcc,Ridouane,Ridouane,-86.750415195346
Ridouane_En_test_15s_13.mfcc,Ridouane,Ridouane,-88.54514050083937
Ridouane_En_test_15s_14.mfcc,Ridouane,Ridouane,-88.55223669793837
Ridouane_En_test_15s_15.mfcc,Ridouane,Ridouane,-86.93512909426344
Ridouane_En_test_15s_16.mfcc,Ridouane,Ridouane,-87.94017430955002
Ridouane_En_test_15s_17.mfcc,Ridouane,Ridouane,-89.28141718742336
Ridouane_En_test_15s_18.mfcc,Ridouane,Ridouane,-86.08034152357479
Ridouane_En_test_15s_19.mfcc,Ridouane,Ridouane,-85.72032383282935
Ridouane_En_test_15s_2.mfcc,Ridouane,Ridouane,-87.94253350451869
Ridouane_En_test_15s_20.mfcc,Ridouane,Ridouane,-86.32920976035747
Ridouane_En_test_15s_21.mfcc,Ridouane,Ridouane,-87.74703199493032
Ridouane_En_test_15s_22.mfcc,Ridouane,Ridouane,-88.27686468687568
Ridouane_En_test_15s_23.mfcc,Ridouane,Ridouane,-87.45598498772114
Ridouane_En_test_15s_24.mfcc,Ridouane,Ridouane,-88.13342720239625
Ridouane_En_test_15s_25.mfcc,Ridouane,Ridouane,-88.88897018493925
Ridouane_En_test_15s_26.mfcc,Ridouane,Ridouane,-86.52883318605632
Ridouane_En_test_15s_27.mfcc,Ridouane,Ridouane,-88.84624000559985
Ridouane_En_test_15s_28.mfcc,Ridouane,Ridouane,-87.12082164603508
Ridouane_En_test_15s_29.mfcc,Ridouane,Ridouane,-87.32137385720874
Ridouane_En_test_15s_3.mfcc,Ridouane,Ridouane,-86.8516614269594
Ridouane_En_test_15s_30.mfcc,Ridouane,Ridouane,-87.3621665063161
Ridouane_En_test_15s_4.mfcc,Ridouane,Ridouane,-86.5343226234231
Ridouane_En_test_15s_5.mfcc,Ridouane,Ridouane,-86.96326788353927
Ridouane_En_test_15s_6.mfcc,Ridouane,Ridouane,-85.69355294047362
Ridouane_En_test_15s_7.mfcc,Ridouane,Ridouane,-86.85497580189653
Ridouane_En_test_15s_8.mfcc,Ridouane,Ridouane,-87.13513460071886
Ridouane_En_test_15s_9.mfcc,Ridouane,Ridouane,-85.88340134939378
Ridouane_En_test_5s_1.mfcc,Ridouane,Ridouane,-88.40047959506896
Ridouane_En_test_5s_10.mfcc,Ridouane,Ridouane,-89.22872290107475
Ridouane_En_test_5s_11.mfcc,Ridouane,Ridouane,-89.25130825547598
Ridouane_En_test_5s_12.mfcc,Ridouane,Ridouane,-88.25060179942874
Ridouane_En_test_5s_13.mfcc,Ridouane,Ridouane,-82.98799259336973
Ridouane_En_test_5s_14.mfcc,Ridouane,Ridouane,-87.77709533708143
Ridouane_En_test_5s_15.mfcc,Ridouane,Ridouane,-88.7136612536305
Ridouane_En_test_5s_16.mfcc,Ridouane,Ridouane,-87.26612121845051
Ridouane_En_test_5s_17.mfcc,Ridouane,Ridouane,-88.39139928874968
Ridouane_En_test_5s_18.mfcc,Ridouane,Ridouane,-86.46829342918399
Ridouane_En_test_5s_19.mfcc,Ridouane,Ridouane,-88.03864266554143
Ridouane_En_test_5s_2.mfcc,Ridouane,Ridouane,-89.23539788234038
Ridouane_En_test_5s_20.mfcc,Ridouane,Ridouane,-86.93809640217897
Ridouane_En_test_5s_21.mfcc,Ridouane,Ridouane,-87.12063396513393
Ridouane_En_test_5s_22.mfcc,Ridouane,Ridouane,-86.77862601168682
Ridouane_En_test_5s_23.mfcc,Ridouane,Ridouane,-83.45136297594624
Ridouane_En_test_5s_24.mfcc,Ridouane,Ridouane,-87.16180163640385
Ridouane_En_test_5s_25.mfcc,Ridouane,Ridouane,-87.8628708507192
Ridouane_En_test_5s_26.mfcc,Ridouane,Ridouane,-84.37772556759636
Ridouane_En_test_5s_27.mfcc,Ridouane,Ridouane,-87.49829845788264
Ridouane_En_test_5s_28.mfcc,Ridouane,Ridouane,-88.33292288968703
Ridouane_En_test_5s_29.mfcc,Ridouane,Ridouane,-87.01324869565222
Ridouane_En_test_5s_3.mfcc,Ridouane,Ridouane,-88.27881364946751
Ridouane_En_test_5s_30.mfcc,Ridouane,Ridouane,-86.42352838881267
Ridouane_En_test_5s_4.mfcc,Ridouane,Ridouane,-88.7893144517503
Ridouane_En_test_5s_5.mfcc,Ridouane,Ridouane,-86.99581117049472
Ridouane_En_test_5s_6.mfcc,Ridouane,Ridouane,-84.69086145931206
Ridouane_En_test_5s_7.mfcc,Ridouane,Ridouane,-86.19197666768193
Ridouane_En_test_5s_8.mfcc,Ridouane,Ridouane,-88.36661776618786
Ridouane_En_test_5s_9.mfcc,Ridouane,Ridouane,-89.0143735940138
Ridouane_Fr_test_10s_1.mfcc,Ridouane,Ridouane,-87.98928729267487
Ridouane_Fr_test_10s_10.mfcc,Ridouane,Ridouane,-90.63820349707504
Ridouane_Fr_test_10s_11.mfcc,Ridouane,Ridouane,-88.52749096037154
Ridouane_Fr_test_10s_12.mfcc,Ridouane,Ridouane,-88.66864182805247
Ridouane_Fr_test_10s_13.mfcc,Ridouane,Ridouane,-87.4338517576895
Ridouane_Fr_test_10s_14.mfcc,Ridouane,Ridouane,-89.82515658114416
Ridouane_Fr_test_10s_15.mfcc,Ridouane,Ridouane,-91.26408015463018
Ridouane_Fr_test_10s_16.mfcc,Ridouane,Ridouane,-89.36006937824646
Ridouane_Fr_test_10s_17.mfcc,Ridouane,Ridouane,-90.67715342063636
Ridouane_Fr_test_10s_18.mfcc,Ridouane,Ridouane,-89.7057817910025
Ridouane_Fr_test_10s_19.mfcc,Ridouane,Ridouane,-90.28384875062551
Ridouane_Fr_test_10s_2.mfcc,Ridouane,Ridouane,-88.73248668738725
Ridouane_Fr_test_10s_20.mfcc,Ridouane,Ridouane,-89.92708680095562
Ridouane_Fr_test_10s_21.mfcc,Ridouane,Ridouane,-88.65370487306139
Ridouane_Fr_test_10s_22.mfcc,Ridouane,Ridouane,-88.55745536785882
Ridouane_Fr_test_10s_23.mfcc,Ridouane,Ridouane,-89.14097163642892
Ridouane_Fr_test_10s_24.mfcc,Ridouane,Ridouane,-89.13995782884088
Ridouane_Fr_test_10s_25.mfcc,Ridouane,Ridouane,-88.66554908247377
Ridouane_Fr_test_10s_26.mfcc,Ridouane,Ridouane,-86.92994183965256
Ridouane_Fr_test_10s_27.mfcc,Ridouane,Ridouane,-89.20071834708894
Ridouane_Fr_test_10s_28.mfcc,Ridouane,Ridouane,-90.82878490722265
Ridouane_Fr_test_10s_29.mfcc,Ridouane,Ridouane,-89.79038614997192
Ridouane_Fr_test_10s_3.mfcc,Ridouane,Ridouane,-86.93102209661268
Ridouane_Fr_test_10s_30.mfcc,Ridouane,Ridouane,-88.8086067320357
Ridouane_Fr_test_10s_4.mfcc,Ridouane,Ridouane,-89.17986919197067
Ridouane_Fr_test_10s_5.mfcc,Ridouane,Ridouane,-88.0716613266208
Ridouane_Fr_test_10s_6.mfcc,Ridouane,Ridouane,-88.11743410467548
Ridouane_Fr_test_10s_7.mfcc,Ridouane,Ridouane,-87.95594415404179
Ridouane_Fr_test_10s_8.mfcc,Ridouane,Ridouane,-90.20888257834348
Ridouane_Fr_test_10s_9.mfcc,Ridouane,Ridouane,-89.60319521758815
Ridouane_Fr_test_15s_1.mfcc,Ridouane,Ridouane,-89.16855560556452
Ridouane_Fr_test_15s_10.mfcc,Ridouane,Ridouane,-89.39890659864275
Ridouane_Fr_test_15s_11.mfcc,Ridouane,Ridouane,-87.8772735835047
Ridouane_Fr_test_15s_12.mfcc,Ridouane,Ridouane,-88.98177677542864
Ridouane_Fr_test_15s_13.mfcc,Ridouane,Ridouane,-89.78253928219773
Ridouane_Fr_test_15s_14.mfcc,Ridouane,Ridouane,-89.0900745515465
Ridouane_Fr_test_15s_15.mfcc,Ridouane,Ridouane,-89.35058981513924
Ridouane_Fr_test_15s_16.mfcc,Ridouane,Ridouane,-88.69571269799042
Ridouane_Fr_test_15s_17.mfcc,Ridouane,Ridouane,-89.54884461155352
Ridouane_Fr_test_15s_18.mfcc,Ridouane,Ridouane,-89.56633778210163
Ridouane_Fr_test_15s_19.mfcc,Ridouane,Ridouane,-90.39870626493361
Ridouane_Fr_test_15s_2.mfcc,Ridouane,Ridouane,-89.82570787723122
Ridouane_Fr_test_15s_20.mfcc,Ridouane,Ridouane,-89.24503107448889
Ridouane_Fr_test_15s_21.mfcc,Ridouane,Ridouane,-89.34786641840131
Ridouane_Fr_test_15s_22.mfcc,Ridouane,Ridouane,-88.54546591428985
Ridouane_Fr_test_15s_23.mfcc,Ridouane,Ridouane,-88.34896136233323
Ridouane_Fr_test_15s_24.mfcc,Ridouane,Ridouane,-88.91178536448577
Ridouane_Fr_test_15s_25.mfcc,Ridouane,Ridouane,-88.11206575966912
Ridouane_Fr_test_15s_26.mfcc,Ridouane,Ridouane,-89.83661660472794
Ridouane_Fr_test_15s_27.mfcc,Ridouane,Ridouane,-88.95953577278061
Ridouane_Fr_test_15s_28.mfcc,Ridouane,Ridouane,-89.4727571245756
Ridouane_Fr_test_15s_29.mfcc,Ridouane,Ridouane,-88.48325636038135
Ridouane_Fr_test_15s_3.mfcc,Ridouane,Ridouane,-88.94556469501201
Ridouane_Fr_test_15s_30.mfcc,Ridouane,Ridouane,-89.01261009455845
Ridouane_Fr_test_15s_4.mfcc,Ridouane,Ridouane,-90.00987349963863
Ridouane_Fr_test_15s_5.mfcc,Ridouane,Ridouane,-90.71959773860299
Ridouane_Fr_test_15s_6.mfcc,Ridouane,Ridouane,-89.56231595614392
Ridouane_Fr_test_15s_7.mfcc,Ridouane,Ridouane,-89.64370180874533
Ridouane_Fr_test_15s_8.mfcc,Ridouane,Ridouane,-91.12281639744138
Ridouane_Fr_test_15s_9.mfcc,Ridouane,Ridouane,-88.76804994492322
Ridouane_Fr_test_5s_1.mfcc,Ridouane,Ridouane,-87.05891654145812
Ridouane_Fr_test_5s_10.mfcc,Ridouane,Ridouane,-86.8270480058022
Ridouane_Fr_test_5s_11.mfcc,Ridouane,Ridouane,-86.67619509770385
Ridouane_Fr_test_5s_12.mfcc,Ridouane,Ridouane,-89.79794860115557
Ridouane_Fr_test_5s_13.mfcc,Ridouane,Ridouane,-91.008335415193
Ridouane_Fr_test_5s_14.mfcc,Ridouane,Ridouane,-83.88696352957905
Ridouane_Fr_test_5s_15.mfcc,Ridouane,Ridouane,-91.1383616958036
Ridouane_Fr_test_5s_16.mfcc,Ridouane,Ridouane,-90.74651856684237
Ridouane_Fr_test_5s_17.mfcc,Ridouane,Ridouane,-88.77066677374273
Ridouane_Fr_test_5s_18.mfcc,Ridouane,Ridouane,-92.60990447249613
Ridouane_Fr_test_5s_19.mfcc,Ridouane,Ridouane,-88.31811906218913
Ridouane_Fr_test_5s_2.mfcc,Ridouane,Ridouane,-89.2545160560472
Ridouane_Fr_test_5s_20.mfcc,Ridouane,Ridouane,-90.60587217961488
Ridouane_Fr_test_5s_21.mfcc,Ridouane,Ridouane,-89.53517677747962
Ridouane_Fr_test_5s_22.mfcc,Ridouane,Ridouane,-89.72473337927256
Ridouane_Fr_test_5s_23.mfcc,Ridouane,Ridouane,-87.58893576017788
Ridouane_Fr_test_5s_24.mfcc,Ridouane,Ridouane,-89.63970312058053
Ridouane_Fr_test_5s_25.mfcc,Ridouane,Ridouane,-90.75736777849957
Ridouane_Fr_test_5s_26.mfcc,Ridouane,Ridouane,-89.9152504369622
Ridouane_Fr_test_5s_27.mfcc,Ridouane,Ridouane,-88.91603344795064
Ridouane_Fr_test_5s_28.mfcc,Ridouane,Ridouane,-87.65168975426555
Ridouane_Fr_test_5s_29.mfcc,Ridouane,Ridouane,-89.94692318246234
Ridouane_Fr_test_5s_3.mfcc,Ridouane,Ridouane,-87.63284747117801
Ridouane_Fr_test_5s_30.mfcc,Ridouane,Ridouane,-91.43629881475245
Ridouane_Fr_test_5s_4.mfcc,Ridouane,Ridouane,-88.27936849603809
Ridouane_Fr_test_5s_5.mfcc,Ridouane,Ridouane,-87.90979733376388
Ridouane_Fr_test_5s_6.mfcc,Ridouane,Ridouane,-87.21081136859925
Ridouane_Fr_test_5s_7.mfcc,Ridouane,Ridouane,-88.85940722159062
Ridouane_Fr_test_5s_8.mfcc,Ridouane,Ridouane,-88.78730686609822
Ridouane_Fr_test_5s_9.mfcc,Ridouane,Ridouane,-89.84830617242218
